"year","season","plot","ambr arte","amsi tess","astr allo","astr nutt","bail mult","caly wrig","chae stev","chen frem","cryp cras","cryp micr","dale brac","desc obtu","desc pinn","dith wisl","eria diff","erig dive","erio aber","erod cicu","erod texa","esch mexi","gili sinu","hapl grac","lapp redo","lepi lasi","lesq gord","lina bige","lina texa","lupi conc","mala fend","micr lene","nama hisp","oeno prim","pani hirt","pect recu","phac ariz","plag ariz","plan purs","sper echi","step exig","vulp octo"
1982,"winter",1,0,0,0,0,0,0,0,0,5,87,0,0,38,0,131,11,793,1,0,0,83,0,0,0,0,0,0,0,27,0,1,0,0,0,1,0,0,1,0,0
1982,"winter",2,0,0,0,0,0,0,0,0,1,69,0,0,173,0,240,3,651,3,0,0,80,0,0,0,0,0,0,0,9,0,0,0,0,0,1,0,0,2,0,0
1982,"winter",3,0,0,0,0,0,0,0,0,0,14,0,0,35,1,101,0,1497,0,0,0,27,0,0,2,1,0,0,0,83,0,0,0,0,0,5,0,0,1,0,0
1982,"winter",4,0,0,0,0,0,0,0,0,6,3,0,0,135,0,58,0,1364,0,0,0,0,0,0,0,0,0,0,0,86,0,0,0,0,0,2,0,0,0,0,0
1982,"winter",5,0,0,0,0,0,0,0,0,10,2,0,0,32,0,27,0,1453,0,0,0,0,1,0,0,0,0,0,0,75,0,0,0,0,0,12,0,0,14,0,0
1982,"winter",6,0,0,0,0,0,0,0,0,8,11,0,0,71,0,36,0,1223,0,0,0,0,0,0,0,0,0,0,0,37,0,0,0,0,0,3,0,0,4,0,0
1982,"winter",7,0,0,0,0,0,0,0,0,4,1,0,0,18,0,2,0,507,81,3,0,0,0,0,1,0,0,0,0,4,0,0,0,0,0,0,0,0,1,0,0
1982,"winter",9,0,0,0,0,0,0,0,0,6,6,0,0,50,0,21,1,557,0,0,0,0,0,0,0,0,0,0,0,43,0,0,0,0,0,10,0,0,7,0,0
1982,"winter",10,0,0,0,0,0,0,0,0,26,5,0,0,14,0,1183,3,851,7,0,0,0,13,0,3,0,0,0,0,39,0,0,0,0,0,2,0,0,0,0,0
1982,"winter",11,0,0,0,0,0,0,0,0,5,14,0,0,56,0,479,0,1477,0,0,0,2,0,0,0,1,0,0,0,44,0,0,0,0,0,27,0,0,0,0,0
1982,"winter",13,0,0,0,0,2,0,0,0,4,18,0,0,41,0,48,0,846,0,0,0,21,0,0,0,0,0,0,0,52,0,0,0,0,0,8,0,0,15,0,0
1982,"winter",14,0,0,0,0,0,0,0,0,4,0,0,0,99,0,14,0,622,0,0,0,0,0,0,0,0,0,0,0,35,0,0,0,0,0,14,0,0,3,0,0
1982,"winter",16,0,0,0,1,1,0,0,0,4,5,0,0,53,0,92,0,386,15,0,0,0,0,0,0,0,0,0,0,78,0,4,0,0,0,0,0,0,4,0,0
1982,"winter",17,0,0,0,8,6,0,0,0,8,0,0,0,64,0,55,0,393,0,0,0,0,0,0,0,0,0,0,0,32,0,0,0,0,0,18,0,0,5,0,0
1982,"winter",18,0,0,0,0,0,0,0,0,2,0,0,0,201,0,9,0,712,0,0,0,0,0,0,1,1,0,0,0,15,0,0,0,0,0,34,0,0,2,0,0
1982,"winter",19,0,0,0,0,5,0,0,0,2,1,0,0,7,0,60,0,373,3,0,0,0,1,0,22,12,0,0,0,16,0,0,0,0,0,36,0,0,0,0,0
1982,"winter",20,0,0,0,0,0,0,0,0,2,0,0,0,58,0,43,0,593,0,0,0,0,0,0,0,1,0,0,0,7,0,0,0,0,0,26,0,0,11,0,0
1982,"winter",22,0,0,0,0,1,0,0,0,1,18,0,0,144,0,128,0,485,0,0,0,21,1,6,0,0,0,0,0,15,0,0,0,0,0,2,0,0,1,0,0
1982,"winter",23,0,0,3,0,1,0,1,2,5,31,0,0,73,0,280,0,504,0,0,0,0,6,0,2,3,0,0,0,23,0,0,0,0,0,12,0,2,2,0,0
1982,"winter",24,0,0,0,0,2,0,1,0,11,4,0,0,9,1,51,0,643,0,0,0,0,0,0,8,2,0,0,0,43,0,0,0,0,0,7,4,0,0,0,0
1983,"winter",1,0,0,0,1,0,0,0,0,11,262,0,0,153,0,319,7,1728,2,0,0,122,0,0,1,0,0,0,0,69,2,0,0,0,0,7,0,0,21,0,0
1983,"winter",2,0,0,0,1,0,0,0,0,2,76,0,0,220,0,266,2,908,5,0,0,134,0,0,1,0,0,0,0,31,0,0,0,0,0,2,0,0,10,0,0
1983,"winter",3,0,0,0,0,2,0,0,0,5,121,0,0,131,0,343,10,947,2,1,0,73,0,0,1,1,0,0,0,135,7,0,0,0,0,2,0,0,14,0,0
1983,"winter",4,0,0,1,0,5,0,0,0,10,27,0,0,181,0,262,0,1136,0,0,108,4,0,0,0,0,0,0,0,134,1,0,0,0,0,8,0,0,7,4,0
1983,"winter",5,0,0,0,2,9,0,0,0,20,5,0,0,88,0,31,1,1046,0,0,0,4,6,0,0,0,0,0,0,40,1,0,0,0,0,10,0,0,40,0,0
1983,"winter",6,0,0,10,2,1,0,0,0,8,32,0,0,160,0,65,11,795,0,0,0,16,0,0,0,0,0,0,0,94,5,0,0,0,0,1,0,0,30,2,0
1983,"winter",7,0,0,0,4,6,0,0,0,8,1,0,0,23,0,36,0,669,373,1,0,0,29,0,9,0,0,0,0,21,4,0,0,0,0,4,0,0,6,0,0
1983,"winter",8,0,0,0,0,0,0,0,0,5,177,0,0,116,0,229,19,583,0,0,0,46,0,0,0,0,0,0,0,94,0,0,0,0,0,0,0,0,0,0,0
1983,"winter",9,0,0,2,0,2,0,0,0,7,12,0,0,69,0,36,1,595,0,0,0,8,0,0,0,0,0,0,0,55,0,0,0,0,0,8,0,0,23,0,0
1983,"winter",10,0,0,5,2,9,0,0,0,7,27,0,0,97,0,4981,3,1535,13,0,0,3,12,0,0,14,0,0,0,90,8,0,0,0,0,6,0,6,11,0,0
1983,"winter",11,0,0,0,0,10,0,0,0,27,54,0,0,131,0,1371,0,437,0,0,0,1,1,0,0,0,0,0,0,40,0,0,0,0,0,13,0,0,1,0,0
1983,"winter",12,0,0,0,1,0,0,0,0,11,10,0,0,82,0,919,0,703,1,0,0,4,0,0,2,1,0,0,0,35,0,0,0,0,0,15,0,0,9,1,0
1983,"winter",13,0,0,0,0,0,0,0,0,5,79,0,0,103,0,62,4,782,1,0,0,45,0,0,0,0,0,0,0,40,1,0,0,0,0,11,0,0,50,0,0
1983,"winter",14,0,0,1,3,1,0,0,0,13,1,0,0,124,0,43,0,845,0,0,0,0,0,0,0,0,0,0,0,40,0,0,0,0,0,46,0,0,19,0,0
1983,"winter",15,0,0,1,4,3,0,0,0,21,0,0,0,30,0,18,0,430,0,0,0,2,0,0,0,0,0,0,0,10,1,0,0,0,0,26,0,0,4,0,0
1983,"winter",16,0,0,1,1,1,0,0,0,9,23,0,0,85,0,214,0,608,40,0,0,16,1,0,1,0,0,0,0,65,3,0,0,0,0,23,0,0,19,0,0
1983,"winter",17,0,0,0,0,4,0,0,0,18,3,0,0,281,0,164,0,486,0,0,0,1,1,0,0,0,0,0,0,33,0,0,0,0,0,40,0,0,16,0,0
1983,"winter",18,0,0,0,0,2,0,0,0,4,0,0,0,15,0,6,0,241,1,0,0,0,0,0,3,1,0,0,0,4,0,0,0,0,0,13,0,0,0,0,0
1983,"winter",19,0,0,0,12,0,0,1,0,6,1,0,0,17,0,705,0,685,8,0,0,1,0,0,40,14,0,0,0,21,2,0,0,0,0,20,0,0,2,0,0
1983,"winter",20,0,0,0,0,1,0,0,0,0,0,0,0,60,0,16,0,296,0,0,0,2,0,0,0,0,0,0,0,12,0,0,0,0,0,18,0,0,7,0,0
1983,"winter",21,0,0,0,8,3,0,1,0,9,38,0,0,56,0,617,4,967,3,1,0,4,14,0,3,12,0,0,0,72,17,0,0,0,0,16,0,0,5,0,0
1983,"winter",22,0,0,0,0,3,0,0,0,3,82,0,0,223,0,286,0,822,0,1,0,76,1,0,0,0,0,0,0,43,1,0,0,0,0,7,0,0,6,0,0
1983,"winter",23,0,0,0,3,6,0,5,0,11,186,0,0,91,0,2992,2,534,0,2,0,1,1,0,4,14,0,0,0,31,6,0,0,0,0,17,0,58,11,0,0
1983,"winter",24,0,0,2,0,3,0,3,0,21,11,0,0,59,0,97,1,672,0,0,0,0,0,0,29,2,0,0,0,67,1,0,0,0,0,15,0,0,7,0,0
1984,"winter",1,0,0,6,0,12,0,0,0,48,759,0,0,106,0,4415,139,87,60,0,0,357,0,0,0,0,0,0,0,34,3,0,0,0,0,5,0,0,50,4,0
1984,"winter",2,0,0,10,0,11,0,0,0,20,230,0,0,137,0,3423,157,27,0,0,0,160,0,0,0,0,0,0,0,35,1,0,0,0,0,3,0,0,55,0,0
1984,"winter",3,0,0,16,0,28,0,0,0,39,100,0,0,20,0,4537,175,64,14,2,0,210,0,0,0,9,0,0,0,23,40,0,0,0,0,3,0,875,11,3,0
1984,"winter",4,0,0,0,0,29,0,0,0,21,108,0,0,32,0,4364,25,146,0,0,0,14,7,0,0,3,0,0,0,40,2,0,0,0,0,3,0,0,8,12,0
1984,"winter",5,0,0,3,1,106,0,4,0,87,32,0,0,115,0,587,29,125,0,0,0,33,10,0,0,0,0,0,0,94,5,0,0,0,0,1,0,0,162,7,0
1984,"winter",6,0,0,9,2,39,0,1,0,113,94,0,0,151,0,1082,122,101,1,0,0,121,0,0,0,0,0,0,0,77,1,0,0,0,0,5,0,0,116,0,0
1984,"winter",7,0,0,1,13,60,0,0,0,14,7,0,0,10,0,440,10,21,3369,3,0,0,37,0,0,0,0,0,0,1,3,0,0,0,0,0,0,2,3,0,0
1984,"winter",8,0,0,11,0,4,0,0,0,54,367,0,0,63,0,3130,288,50,0,0,0,150,0,0,0,0,0,0,0,35,1,0,0,0,0,1,0,0,1,4,0
1984,"winter",9,0,0,4,0,15,0,0,0,62,81,0,0,109,0,541,103,34,0,0,0,70,0,0,0,0,0,0,0,76,0,0,0,0,0,9,0,0,67,1,0
1984,"winter",10,0,0,10,6,58,0,0,0,42,11,0,0,2,0,15953,32,66,119,5,0,0,57,0,0,55,0,0,0,26,10,0,0,0,0,0,0,143,3,2,0
1984,"winter",11,0,0,4,0,76,0,0,0,17,88,0,0,71,0,6276,93,36,0,0,0,6,1,0,0,2,0,0,0,19,2,0,0,0,0,0,0,0,7,0,0
1984,"winter",12,0,0,1,0,43,0,0,0,34,16,0,0,104,0,7902,8,24,0,0,0,5,2,0,3,0,0,0,0,20,0,0,0,0,0,5,0,0,16,5,0
1984,"winter",13,0,0,9,1,21,0,0,0,24,224,0,0,124,0,661,109,21,3,0,0,323,0,0,0,0,0,0,0,54,3,0,0,0,0,10,0,2,119,2,0
1984,"winter",14,0,0,6,4,26,0,0,0,58,37,0,0,106,0,403,8,39,0,0,0,0,0,0,0,0,0,0,0,55,1,0,0,0,0,7,0,0,32,0,0
1984,"winter",15,0,0,2,3,20,0,0,0,356,5,0,0,36,0,255,1,18,0,0,0,7,0,0,1,0,0,0,0,12,0,0,0,0,0,9,0,0,22,0,0
1984,"winter",16,0,0,3,5,20,0,0,0,54,21,0,0,12,0,2147,15,23,691,1,0,10,33,0,0,4,0,0,0,36,8,0,0,0,0,4,0,0,19,0,0
1984,"winter",17,0,0,1,0,59,0,0,0,121,24,0,0,71,0,2603,34,73,0,0,0,3,0,0,0,2,0,0,0,35,4,0,0,0,0,7,0,0,18,7,0
1984,"winter",18,0,0,0,0,69,0,0,0,32,0,0,0,101,0,341,22,17,5,0,0,0,0,0,4,3,0,0,0,21,0,0,0,0,0,4,0,0,14,0,0
1984,"winter",19,0,0,6,2,40,0,23,0,53,1,0,0,3,0,6240,2,3,430,0,0,3,6,0,19,382,0,0,0,10,3,0,0,0,0,2,0,0,2,0,0
1984,"winter",20,0,0,0,0,11,0,0,0,21,2,0,0,50,0,433,25,15,1,0,0,0,0,0,2,0,0,0,0,14,0,0,0,0,0,9,0,0,72,0,0
1984,"winter",21,0,0,8,17,68,0,12,0,34,66,0,0,5,0,5286,24,46,14,2,0,4,256,0,2,274,0,0,0,16,51,0,0,0,0,2,0,0,7,0,0
1984,"winter",22,0,0,3,0,13,0,0,0,21,209,0,0,28,0,2595,106,16,0,0,2,389,0,0,0,0,0,0,0,22,0,0,0,0,0,4,0,0,17,0,0
1984,"winter",23,0,0,9,30,56,0,104,0,78,290,0,0,2,0,10381,15,80,1,14,0,7,5,0,0,133,0,0,0,6,36,0,0,0,0,2,0,233,9,0,0
1984,"winter",24,0,0,3,5,32,0,3,0,72,41,0,0,63,0,1024,28,55,0,0,0,1,0,0,11,17,0,0,0,61,2,0,0,0,0,3,0,0,20,3,0
1985,"winter",1,0,0,3,3,11,0,0,0,49,291,0,0,146,0,247,128,235,216,0,0,99,0,0,0,0,0,0,0,35,0,0,0,0,0,0,0,0,52,8,0
1985,"winter",2,0,0,7,0,0,0,0,0,17,150,0,0,108,0,337,44,81,1,0,0,143,1,0,1,0,0,0,0,17,0,0,0,0,0,0,0,0,23,1,0
1985,"winter",3,0,0,2,5,45,0,0,0,81,48,0,0,68,0,472,31,119,0,2,0,25,0,0,2,6,0,0,0,32,39,0,0,0,0,5,0,186,7,9,0
1985,"winter",4,0,0,1,0,120,0,2,0,34,19,0,0,28,0,734,0,57,0,0,0,1,6,0,0,13,0,0,0,38,9,0,0,0,0,1,0,0,9,23,0
1985,"winter",5,0,0,2,0,319,0,3,0,8,10,0,0,67,0,1108,6,54,5,0,0,4,320,0,0,1,0,0,0,32,1,0,0,0,0,0,0,0,104,21,0
1985,"winter",6,0,0,2,1,272,0,0,0,37,27,0,0,123,0,1072,12,73,2,0,0,11,2,0,0,0,0,0,0,62,2,0,0,0,0,4,0,0,84,18,0
1985,"winter",7,0,0,0,14,8,0,0,0,1,1,0,0,5,0,144,1,17,1636,0,0,0,19,0,3,0,0,0,0,1,2,0,0,0,0,0,0,1,1,0,0
1985,"winter",8,0,0,3,0,64,0,0,0,45,59,0,0,123,0,853,34,124,8,0,0,16,3,0,0,0,0,0,0,62,4,0,0,0,0,1,0,0,4,21,0
1985,"winter",9,0,0,2,0,70,0,0,0,40,57,0,0,50,0,1030,15,41,2,0,0,19,0,0,0,0,0,0,0,72,2,0,0,0,0,1,0,0,71,19,0
1985,"winter",10,0,0,5,4,21,0,0,0,35,6,0,0,10,0,1582,2,54,122,10,0,0,292,0,0,45,0,0,0,24,20,0,0,0,0,0,0,416,9,12,0
1985,"winter",11,0,0,2,0,154,0,2,0,24,34,0,0,133,0,362,20,60,0,0,0,8,99,0,1,1,0,0,0,27,2,0,0,0,0,1,0,0,10,9,0
1985,"winter",12,0,0,0,1,21,0,0,0,24,1,0,0,103,0,652,0,13,2,0,0,0,6,0,3,1,0,0,0,19,1,0,0,0,0,1,0,0,10,25,0
1985,"winter",13,0,0,1,3,31,0,0,0,1,10,0,0,44,0,483,3,37,2,0,0,19,8,0,0,0,0,0,0,27,1,0,0,0,0,0,0,1,20,1,0
1985,"winter",14,0,0,1,0,25,0,0,0,3,8,0,0,20,0,753,4,23,0,0,0,0,0,0,0,0,0,0,0,31,0,0,0,0,0,0,0,0,3,2,0
1985,"winter",15,0,0,0,6,0,0,0,0,24,3,0,0,9,0,193,1,2,0,0,0,1,1,0,0,0,0,0,0,13,1,0,0,0,0,1,0,0,36,3,0
1985,"winter",16,0,0,0,3,16,0,0,0,11,3,0,0,12,0,885,25,19,381,2,1,3,29,0,0,2,0,0,0,31,19,0,0,0,0,1,0,0,9,3,0
1985,"winter",17,0,0,1,0,5,0,0,0,9,7,0,0,11,0,1083,8,16,1,0,0,1,15,0,0,0,0,0,0,16,0,0,0,0,0,1,0,0,5,12,0
1985,"winter",18,0,0,0,0,36,0,1,0,11,1,0,0,32,0,974,2,12,4,0,0,0,1,0,1,1,0,0,0,6,0,0,0,0,0,0,0,4,1,4,0
1985,"winter",19,0,0,3,1,3,0,23,0,13,6,0,0,10,0,693,0,12,137,0,0,0,9,0,1,69,0,0,0,15,1,0,0,0,0,3,0,0,7,0,0
1985,"winter",20,0,0,0,1,2,0,0,0,12,10,0,0,36,0,482,2,23,0,0,0,0,0,0,0,0,0,0,0,9,1,0,0,0,0,1,0,0,23,2,0
1985,"winter",21,0,0,1,21,101,0,7,0,19,41,0,0,17,0,801,6,18,7,3,0,3,1039,0,6,56,0,0,0,28,82,0,0,0,0,1,0,0,5,2,0
1985,"winter",22,0,0,0,1,26,0,0,0,23,122,0,0,42,0,1010,34,15,0,0,3,12,1,0,0,0,0,0,0,9,1,0,0,0,0,1,0,0,20,2,0
1985,"winter",23,0,0,3,22,12,0,51,0,6,51,0,0,42,0,1422,0,16,5,30,0,0,7,0,3,32,0,0,0,16,14,0,0,0,0,0,0,35,11,2,0
1985,"winter",24,0,0,0,0,12,0,1,0,9,16,0,0,32,0,520,1,13,0,0,0,0,0,0,0,5,0,0,0,47,0,0,0,0,0,2,0,0,9,12,0
1986,"winter",2,0,0,0,0,5,0,0,0,19,71,0,0,48,0,118,66,86,1,0,0,4,3,0,1,0,0,0,0,9,4,0,0,0,0,0,0,0,93,0,0
1986,"winter",3,0,0,2,9,117,0,0,0,2,21,0,0,4,0,80,55,266,74,16,0,2,41,0,0,3,0,0,0,1,1,0,0,0,0,0,0,72,9,1,0
1986,"winter",4,0,0,0,1,91,0,3,0,0,1,0,0,5,0,78,2,52,0,1,138,0,282,0,0,1,0,0,0,5,1,0,0,0,0,0,0,0,10,1,0
1986,"winter",5,0,0,5,2,85,0,0,0,0,1,0,0,2,0,96,4,4,2,0,0,0,906,0,0,0,0,0,0,1,0,0,0,0,0,0,0,0,31,0,0
1986,"winter",7,0,0,0,77,22,0,0,0,0,0,0,0,0,0,37,1,7,259,0,0,0,110,0,5,1,0,0,0,0,0,0,0,0,0,0,0,2,2,0,0
1986,"winter",8,0,0,2,0,141,0,0,0,0,13,0,0,8,0,56,145,70,25,0,0,1,254,0,0,0,0,0,0,5,0,0,0,0,0,0,0,0,4,10,0
1986,"winter",9,0,0,0,0,76,0,2,0,7,4,0,0,16,0,80,136,47,3,0,0,1,125,0,0,0,0,0,0,5,0,0,0,0,0,0,0,0,53,3,0
1986,"winter",10,0,0,1,11,38,0,0,0,0,2,0,0,4,0,151,1,56,96,8,0,0,2175,0,0,47,0,0,0,2,0,0,0,0,0,0,0,217,0,2,0
1986,"winter",11,0,0,0,5,98,0,7,0,7,5,0,0,6,0,188,48,161,0,0,0,0,1183,0,0,10,0,0,0,4,1,0,0,0,0,1,0,6,7,4,0
1986,"winter",12,0,0,0,4,121,0,15,0,8,0,0,0,24,0,160,3,186,3,0,0,0,75,0,5,0,0,0,0,6,0,0,0,0,0,1,0,0,37,8,0
1986,"winter",14,0,0,0,1,70,0,1,0,5,3,0,0,12,0,149,4,27,0,0,0,0,96,0,0,0,0,0,0,10,3,0,0,0,0,2,0,0,20,0,0
1986,"winter",15,0,0,0,5,0,0,0,0,3,0,0,0,9,0,38,3,7,1,0,0,0,2,0,1,1,0,0,0,2,0,0,0,0,0,1,0,0,10,1,0
1986,"winter",16,0,0,2,8,24,0,0,0,9,7,0,0,5,0,49,6,8,66,9,0,0,167,0,0,1,0,0,0,5,3,0,0,0,0,0,0,0,13,1,0
1986,"winter",17,0,0,0,4,16,0,0,0,3,6,0,0,10,0,184,8,23,1,0,0,0,142,0,2,3,0,0,0,5,1,0,0,0,0,1,0,0,9,10,0
1986,"winter",19,0,0,0,11,13,0,23,0,0,4,0,0,0,0,115,2,16,150,0,0,0,237,0,3,10,0,0,0,5,3,0,0,0,0,0,0,0,1,0,0
1986,"winter",20,0,0,0,0,10,0,0,0,10,1,0,0,6,0,129,7,48,0,0,0,0,22,0,0,0,0,0,0,3,0,0,0,0,0,0,0,0,33,0,0
1986,"winter",21,0,0,2,21,30,0,18,0,0,1,0,0,1,0,73,7,73,10,8,0,0,2571,0,0,51,0,0,0,4,0,0,0,0,0,0,0,1,8,0,0
1986,"winter",22,0,0,0,0,11,0,0,0,10,129,0,0,17,0,71,53,79,0,0,0,1,1,0,0,0,0,0,0,5,0,0,0,0,0,1,0,0,18,0,0
1986,"winter",23,0,0,0,21,14,0,138,0,0,57,0,0,1,0,182,14,56,28,35,0,4,260,0,0,11,0,0,0,6,0,0,0,0,0,0,0,114,5,0,0
1986,"winter",24,0,0,0,0,10,0,0,0,2,1,0,0,5,0,137,1,8,0,0,0,0,0,0,3,3,0,0,0,10,2,0,0,0,0,0,0,0,11,0,0
1987,"winter",1,0,0,2,0,6,0,0,0,5,164,0,0,30,0,74,172,159,242,0,0,50,29,0,0,0,0,0,0,18,2,0,0,0,0,1,0,0,33,11,0
1987,"winter",2,0,0,4,0,2,0,0,0,8,368,0,0,77,0,170,105,208,1,0,0,146,2,0,1,0,0,0,0,25,3,0,0,0,0,4,0,0,217,6,0
1987,"winter",3,0,0,6,11,65,0,0,0,2,188,0,0,52,0,214,51,460,453,6,0,31,1191,0,6,2,0,0,0,29,10,0,0,0,0,5,0,882,28,5,0
1987,"winter",4,0,0,2,1,70,0,5,0,3,10,0,0,15,0,330,0,90,2,1,30,2,2111,0,0,0,0,0,0,27,2,0,0,0,0,0,0,0,6,19,0
1987,"winter",5,0,0,3,2,57,0,0,0,4,1,0,0,17,0,320,3,69,10,0,0,3,2484,0,0,0,0,0,0,30,3,0,0,0,0,0,0,0,100,3,0
1987,"winter",6,0,0,3,0,212,0,0,0,11,20,0,0,73,0,281,115,426,2,0,0,10,357,0,0,0,0,0,0,34,2,0,0,0,0,3,0,0,126,5,0
1987,"winter",7,0,0,3,182,33,0,0,0,4,2,0,0,9,0,363,0,52,916,3,0,4,438,0,9,1,0,0,0,4,5,0,0,0,0,3,0,16,3,0,0
1987,"winter",8,0,0,3,0,231,0,4,0,3,237,0,0,49,0,246,313,407,95,0,0,63,2384,0,0,0,0,0,0,30,3,0,0,0,0,0,0,0,29,56,0
1987,"winter",9,0,0,0,0,30,0,0,0,9,93,0,0,56,0,209,192,92,8,0,0,30,1588,0,0,0,0,0,0,40,2,0,0,0,0,3,0,0,117,3,0
1987,"winter",10,0,0,9,15,18,0,0,0,5,43,0,0,12,0,321,14,114,191,28,0,0,3857,0,0,23,0,0,0,26,33,0,0,0,0,3,0,351,6,23,0
1987,"winter",11,0,0,0,2,63,0,23,0,6,107,0,0,102,0,365,40,582,3,0,0,2,1939,0,0,2,0,0,0,35,2,0,0,0,0,13,0,12,37,18,0
1987,"winter",12,0,0,3,0,87,0,35,0,6,18,0,0,112,0,566,21,1181,19,0,0,2,583,0,5,3,0,0,0,32,1,0,0,0,0,14,0,0,143,57,0
1987,"winter",13,0,0,3,0,35,0,1,0,1,63,0,0,49,0,251,74,169,21,0,0,44,366,0,1,0,0,0,0,34,1,0,0,0,0,3,0,1,108,0,0
1987,"winter",14,0,0,2,0,64,0,0,0,12,16,0,0,58,0,364,2,141,2,0,0,3,652,0,0,0,0,0,0,35,4,0,0,0,0,26,0,0,43,1,0
1987,"winter",15,0,0,1,54,14,0,0,0,19,22,0,0,50,0,129,47,117,2,0,0,2,43,0,0,0,0,0,0,15,4,0,0,0,0,22,0,0,50,4,0
1987,"winter",16,0,0,1,50,27,0,1,0,9,32,0,0,17,0,287,86,195,245,8,5,5,1350,0,0,1,0,0,0,35,27,0,0,0,0,13,0,0,19,8,0
1987,"winter",17,0,0,0,2,13,0,1,0,9,35,0,0,32,0,531,14,112,3,0,0,2,2174,0,0,3,0,0,0,21,1,0,0,0,0,13,0,5,19,41,0
1987,"winter",18,0,0,0,0,27,0,1,0,8,1,0,0,56,0,327,1,79,9,0,0,1,2,0,6,4,0,0,0,7,0,0,0,0,0,24,0,5,4,1,0
1987,"winter",19,0,0,1,11,10,0,80,0,1,20,0,0,1,0,283,0,246,328,0,0,0,1503,0,4,38,0,0,0,11,6,0,0,0,0,13,0,5,7,0,0
1987,"winter",20,0,0,0,4,4,0,0,0,16,46,0,0,57,0,551,29,647,0,0,0,4,918,0,4,0,0,0,0,30,8,0,0,0,0,17,0,5,125,1,0
1987,"winter",21,0,0,2,56,41,0,53,0,6,78,0,0,5,0,297,13,245,38,10,0,8,2763,0,9,111,0,0,0,30,52,0,0,0,0,13,0,0,15,4,0
1987,"winter",22,0,0,1,0,10,0,0,0,9,298,0,0,45,0,145,439,255,1,0,7,24,16,0,0,0,0,0,0,14,1,0,0,0,0,4,0,0,43,6,0
1987,"winter",23,0,0,3,50,38,0,224,0,4,271,0,0,9,0,347,5,187,57,65,1,0,1816,0,4,40,0,0,0,17,17,0,0,0,0,2,0,351,12,2,0
1987,"winter",24,0,0,0,4,20,0,2,0,3,33,0,0,113,0,236,30,96,0,0,0,2,2,0,3,1,0,0,0,47,5,0,0,0,0,12,0,0,58,17,0
1988,"winter",1,0,0,1,0,0,0,0,0,0,0,0,0,0,0,1,1,9,44,0,0,0,2,0,0,0,0,0,0,0,1,0,0,0,0,0,0,0,4,5,0
1988,"winter",2,0,0,0,0,0,0,0,0,0,94,0,0,18,0,214,4,88,2,0,0,48,4,0,0,0,0,0,0,2,0,0,0,0,0,1,0,0,79,11,0
1988,"winter",3,0,0,0,9,11,0,3,0,0,13,0,0,12,0,101,2,35,86,0,0,3,531,0,0,0,0,0,0,4,2,0,0,0,0,0,0,130,1,0,0
1988,"winter",4,0,0,0,1,8,0,4,0,0,4,0,0,0,0,148,5,69,2,0,144,0,430,0,0,0,0,0,0,9,2,0,0,0,0,1,0,6,2,11,0
1988,"winter",5,0,0,0,0,3,0,0,0,0,0,0,0,5,0,109,0,4,5,0,0,1,536,0,0,0,0,0,0,10,0,0,0,0,0,1,0,0,9,2,0
1988,"winter",6,0,0,0,0,7,0,1,0,0,5,0,0,25,0,109,1,39,0,0,0,3,463,0,0,0,0,0,0,10,1,0,0,0,0,2,0,0,26,2,0
1988,"winter",7,0,0,0,103,1,0,0,0,5,0,0,0,16,0,514,1,16,128,5,0,1,469,0,0,0,0,0,0,2,14,0,0,0,0,4,0,40,5,0,0
1988,"winter",8,0,0,0,0,3,0,4,0,0,54,0,0,5,0,117,2,12,32,0,0,7,1327,0,1,0,0,0,0,4,2,0,0,0,0,0,0,0,11,16,0
1988,"winter",9,0,0,0,0,2,0,0,0,1,26,0,0,5,0,51,2,5,0,0,0,3,616,0,0,0,0,0,0,6,0,0,0,0,0,1,0,0,9,3,0
1988,"winter",10,0,0,0,35,1,0,1,0,2,33,0,0,10,0,168,0,4,92,0,0,0,2055,0,0,4,0,0,0,4,23,0,0,0,0,0,0,19,5,10,0
1988,"winter",11,0,0,0,0,0,0,34,0,0,53,0,0,17,0,336,0,55,5,1,0,10,1356,0,0,3,0,0,0,9,1,0,0,0,0,0,0,5,14,14,0
1988,"winter",12,0,0,0,1,0,0,64,0,1,10,0,0,18,0,578,0,63,7,0,0,1,1053,0,0,0,0,0,0,13,0,0,0,0,0,1,0,0,133,30,0
1988,"winter",13,0,0,0,0,0,0,0,0,0,2,0,0,6,0,9,0,6,0,0,0,0,527,0,0,0,0,0,0,1,0,0,0,0,0,0,0,0,40,3,0
1988,"winter",14,0,0,0,1,0,0,5,0,1,3,0,0,1,0,153,0,42,1,0,0,1,610,0,0,0,0,0,0,7,0,0,0,0,0,1,0,0,3,0,0
1988,"winter",15,0,0,0,81,2,0,0,0,1,11,0,0,5,0,98,1,18,0,0,0,0,187,0,0,0,0,0,0,2,1,0,0,0,0,1,0,0,22,1,0
1988,"winter",16,0,0,0,112,13,0,21,0,0,9,0,0,3,0,172,8,3,49,0,9,0,1253,0,0,1,0,0,0,7,9,0,0,0,0,2,0,0,6,2,0
1988,"winter",17,0,0,0,12,3,0,0,0,1,5,0,0,1,0,131,8,181,2,0,0,0,1289,0,0,1,0,0,0,2,0,0,0,0,0,1,0,1,2,13,0
1988,"winter",18,0,0,0,0,0,0,5,0,0,0,0,0,0,0,1,0,26,0,0,0,0,5,0,0,0,0,0,0,0,0,0,0,0,0,1,0,0,0,0,0
1988,"winter",19,0,0,2,68,1,0,163,0,0,21,0,0,1,0,166,1,10,58,0,0,0,1179,0,1,7,0,0,0,1,2,0,0,0,0,3,0,1,5,2,0
1988,"winter",20,0,0,0,0,3,0,1,0,3,4,0,0,3,0,125,0,25,0,0,0,0,496,0,7,0,0,0,0,8,0,0,0,0,0,2,0,0,34,4,0
1988,"winter",21,0,0,0,71,4,0,149,0,1,27,0,0,2,0,262,0,43,103,2,0,2,1740,0,0,20,0,0,0,5,15,0,0,0,0,2,0,3,1,0,0
1988,"winter",22,0,0,2,0,1,0,7,0,3,65,0,0,15,0,118,4,21,0,0,4,4,270,0,0,0,0,0,0,12,3,0,0,0,0,0,0,0,17,0,0
1988,"winter",23,0,0,0,44,3,0,262,0,0,104,0,0,1,0,131,1,11,27,3,0,0,2163,0,0,6,0,0,0,2,4,0,0,0,0,0,0,275,2,0,0
1988,"winter",24,0,0,0,0,3,0,1,0,2,18,0,0,20,0,398,0,56,0,0,0,0,64,0,10,0,0,0,0,11,1,0,0,0,0,8,0,0,35,5,0
1989,"winter",1,0,0,1,0,36,0,0,0,0,10,0,0,16,0,4,148,283,122,0,0,0,1107,0,0,0,0,0,0,1,0,0,0,0,0,1,0,0,19,4,0
1989,"winter",2,0,0,0,0,3,0,0,0,4,64,0,0,16,0,80,38,458,10,0,0,0,62,0,0,0,0,0,0,4,0,0,0,0,0,1,0,0,365,3,0
1989,"winter",3,0,0,1,45,50,0,0,0,1,27,0,0,0,0,73,7,18,155,1,0,2,3967,0,0,0,0,0,0,0,0,0,0,0,0,1,0,130,4,0,0
1989,"winter",4,0,0,2,0,40,0,0,0,18,0,0,0,0,0,222,0,28,2,0,0,0,6514,0,0,0,0,0,0,0,0,0,0,0,0,0,0,0,5,13,30
1989,"winter",5,0,0,0,4,18,0,0,0,1,0,0,0,0,0,36,3,2,21,0,0,0,5698,0,0,0,0,0,0,0,0,0,0,0,0,0,0,0,6,0,0
1989,"winter",6,0,0,1,3,117,0,0,0,1,3,0,0,6,0,68,25,117,0,0,0,0,8204,0,0,0,0,0,0,0,0,0,0,0,0,0,0,0,27,4,0
1989,"winter",7,0,0,0,406,37,0,0,0,2,0,0,0,1,0,62,0,21,462,0,0,0,5280,0,3,3,0,0,0,0,0,0,0,0,0,0,0,35,8,0,0
1989,"winter",8,0,0,1,0,105,0,0,0,2,133,0,0,3,0,67,109,40,158,0,0,0,6442,0,0,0,0,0,0,0,0,0,0,0,0,0,0,0,4,7,0
1989,"winter",9,0,0,0,0,37,0,0,0,1,40,0,0,3,0,21,58,18,6,0,0,0,6526,0,0,0,0,0,0,0,0,0,0,0,0,0,0,0,41,1,0
1989,"winter",10,0,0,1,73,11,0,0,0,6,59,0,0,3,0,127,3,15,265,0,0,0,8972,0,0,2,0,0,0,0,0,0,0,0,0,0,0,52,8,10,0
1989,"winter",11,0,0,1,2,27,0,0,0,1,115,0,0,4,0,92,31,100,42,0,0,0,6147,0,0,9,0,0,0,0,0,0,0,0,0,2,0,27,23,7,0
1989,"winter",12,0,0,1,1,17,0,0,0,0,5,0,0,0,0,244,2,86,7,0,0,0,8059,0,3,1,0,0,0,0,0,0,0,0,0,0,0,0,181,1,0
1989,"winter",13,0,0,2,1,41,0,0,0,1,2,0,0,7,0,13,13,31,5,0,0,0,2505,0,0,0,0,0,0,0,0,0,0,0,0,1,0,0,9,1,0
1989,"winter",14,0,0,0,2,50,0,0,0,3,2,0,0,6,0,27,2,114,1,0,0,0,2169,0,0,0,0,0,0,0,0,0,0,0,0,0,0,0,9,1,0
1989,"winter",15,0,0,1,313,9,0,0,0,0,3,0,0,0,0,10,2,5,4,0,0,0,860,0,0,0,0,0,0,0,0,0,0,0,0,0,0,0,40,0,0
1989,"winter",16,0,0,1,284,54,0,0,0,22,2,0,0,0,0,25,79,10,117,2,0,0,4473,0,0,2,0,0,0,0,1,0,0,0,0,0,0,0,15,3,0
1989,"winter",17,0,0,1,32,24,0,0,0,11,12,0,0,0,0,62,27,35,6,0,0,0,4189,0,0,7,0,0,0,0,0,0,0,0,0,0,0,34,12,7,0
1989,"winter",18,0,0,1,0,23,0,1,0,8,0,0,0,8,0,6,5,69,12,0,0,0,274,0,4,0,0,0,0,0,0,0,0,0,0,3,0,16,0,0,0
1989,"winter",19,0,0,0,14,9,0,1,0,1,14,0,0,0,0,110,0,29,458,0,0,0,7527,0,1,26,0,0,0,0,0,0,0,0,0,1,0,13,6,0,0
1989,"winter",20,0,0,1,2,9,0,0,0,1,7,0,0,0,0,62,6,35,1,0,0,0,3360,0,7,0,0,0,0,0,0,0,0,0,0,0,0,0,68,0,0
1989,"winter",21,0,0,0,351,11,0,19,0,6,20,0,0,0,0,127,7,32,149,4,0,0,5266,0,2,53,0,0,0,0,1,0,0,0,0,0,0,31,7,0,0
1989,"winter",22,0,0,0,1,12,0,0,0,39,84,0,0,8,0,75,135,153,3,0,0,0,2866,0,0,0,0,0,0,0,0,0,0,0,0,0,0,0,64,2,0
1989,"winter",23,0,0,2,181,7,0,0,0,0,43,0,0,1,0,45,1,63,66,17,0,0,7940,0,0,12,0,0,0,0,2,0,0,0,0,0,0,333,2,0,0
1989,"winter",24,0,0,0,3,17,0,0,0,3,5,0,0,22,0,72,4,304,1,0,0,0,1354,0,0,0,0,0,0,0,0,0,0,0,0,0,0,0,28,4,0
1990,"winter",1,0,0,0,1,10,0,0,0,0,0,0,0,0,1,0,0,1,4,0,0,4,2,0,0,0,0,0,0,0,0,0,0,0,0,0,0,0,0,0,0
1990,"winter",2,0,0,0,0,1,0,0,0,0,0,0,0,0,0,0,0,0,0,0,0,0,0,0,0,0,0,0,0,0,0,0,0,0,0,0,0,0,0,0,0
1990,"winter",3,0,0,0,5,13,0,0,0,0,0,0,0,0,2,0,0,1,43,0,0,0,4,0,0,0,0,0,0,0,0,0,0,2,0,0,0,8,0,0,0
1990,"winter",4,0,0,0,0,10,0,0,0,0,0,0,0,0,0,0,0,0,0,0,0,0,1,0,0,0,0,0,0,0,0,0,0,2,0,0,0,0,0,0,0
1990,"winter",5,0,0,2,0,10,0,0,0,0,0,0,0,0,1,0,0,0,2,0,0,0,3,0,0,0,0,0,0,0,0,0,1,0,0,0,0,0,0,0,0
1990,"winter",6,0,0,8,1,17,0,0,0,0,0,0,0,0,2,0,0,1,0,0,0,0,0,0,0,0,0,0,0,0,0,0,0,1,0,0,0,0,0,0,0
1990,"winter",7,0,0,0,0,8,0,0,0,0,1,0,0,0,0,0,0,0,0,0,0,0,0,0,0,0,0,0,0,0,0,0,0,0,0,0,0,0,0,0,0
1990,"winter",8,0,0,1,0,16,0,0,0,0,0,0,0,0,0,0,0,0,99,0,0,0,23,0,0,0,0,0,0,0,0,0,0,0,0,0,0,0,0,0,0
1990,"winter",9,0,0,0,0,11,0,0,0,0,0,0,0,0,2,0,5,0,0,0,0,0,9,0,0,0,0,0,0,0,0,0,0,0,0,0,0,0,0,0,0
1990,"winter",10,0,0,3,8,4,0,0,0,0,0,0,0,0,0,0,0,1,12,0,0,0,3,0,0,0,0,0,0,0,0,0,0,0,0,0,0,0,0,0,0
1990,"winter",11,0,0,0,0,5,0,0,0,0,0,0,0,0,0,0,0,1,2,0,0,0,5,0,0,0,0,0,0,0,0,0,0,0,0,0,0,0,0,0,0
1990,"winter",12,0,0,0,0,7,0,0,0,0,0,0,0,0,1,0,0,0,0,0,0,0,0,0,0,0,0,0,0,0,0,0,0,0,0,0,0,0,0,0,0
1990,"winter",13,0,0,2,0,5,0,0,0,0,0,0,0,0,1,0,0,0,0,0,0,0,0,0,0,0,0,0,0,0,0,0,0,0,0,0,0,1,0,0,0
1990,"winter",14,0,0,0,0,5,0,0,0,0,0,0,0,0,0,0,0,0,0,0,0,0,0,0,0,0,0,0,0,0,0,0,0,0,0,0,0,0,0,0,0
1990,"winter",15,0,0,1,0,5,0,0,0,0,0,0,0,0,0,0,0,0,0,0,0,0,0,0,0,0,0,0,0,0,0,0,0,0,0,0,0,0,0,0,0
1990,"winter",16,0,0,0,213,17,0,0,0,0,0,0,0,0,7,0,0,0,55,9,0,0,15,0,0,0,0,0,0,0,0,0,0,0,0,0,0,0,0,0,0
1990,"winter",17,0,0,0,4,5,0,0,0,0,0,0,0,0,0,0,1,0,0,0,0,0,0,0,0,0,0,0,0,0,0,0,0,0,0,0,0,0,0,0,0
1990,"winter",18,0,0,0,0,0,0,0,0,0,0,0,0,0,10,0,0,0,0,0,0,0,0,0,0,0,0,0,0,0,0,0,2,1,0,0,0,0,0,0,0
1990,"winter",19,0,0,5,3,5,0,0,0,0,0,0,0,0,0,0,0,0,0,0,0,0,3,0,0,0,0,0,0,0,0,0,0,0,0,0,0,0,0,0,0
1990,"winter",20,0,0,1,0,2,0,0,0,0,0,0,0,0,4,0,0,0,0,0,0,0,0,0,0,0,0,0,0,0,0,0,0,0,0,0,0,0,0,0,0
1990,"winter",21,0,0,0,94,1,0,0,0,0,0,0,0,0,0,3,0,3,4,8,0,0,13,0,0,2,0,0,0,0,0,0,0,0,0,0,0,22,0,0,0
1990,"winter",22,0,0,3,0,3,0,0,0,0,0,0,0,0,0,0,0,2,0,0,0,0,8,0,0,0,0,0,0,0,0,0,0,0,0,0,0,0,2,3,0
1990,"winter",23,0,0,0,28,1,0,0,0,0,0,46,0,0,0,0,1,0,5,38,0,0,2,0,0,0,0,0,0,0,0,0,0,0,0,0,0,0,0,0,0
1991,"winter",1,0,0,0,0,3,0,0,10,0,2,0,0,0,0,6,27,45,0,0,0,5,17,0,0,0,0,0,0,0,0,0,1,0,0,2,0,0,4,15,2
1991,"winter",2,0,0,0,0,3,0,0,0,1,21,0,0,10,0,59,9,74,1,0,0,54,4,0,0,0,0,0,0,14,0,0,1,0,0,4,2,0,172,3,4
1991,"winter",3,0,0,0,2,3,0,0,4,1,0,0,0,1,0,42,6,18,0,0,0,6,35,0,0,0,0,0,4,7,7,0,1,0,0,0,0,2,2,1,0
1991,"winter",4,0,0,2,2,6,0,0,14,0,0,0,0,2,0,38,0,20,0,0,0,0,61,0,0,1,0,0,2,4,3,0,6,0,0,1,1,0,2,6,7
1991,"winter",5,0,0,4,5,8,0,0,3,0,0,0,0,1,0,25,1,11,1,0,0,0,108,0,0,0,0,0,5,7,0,0,3,0,0,2,0,0,18,3,0
1991,"winter",6,0,0,1,0,5,0,0,5,0,0,0,0,4,0,36,15,25,0,0,0,1,52,0,0,0,0,0,0,4,11,0,1,0,0,2,0,0,7,3,0
1991,"winter",7,0,0,1,199,20,0,0,4,0,0,0,0,1,0,49,0,19,11,0,0,0,21,0,2,1,0,0,9,5,0,0,2,0,0,2,0,6,2,0,1
1991,"winter",8,0,0,0,1,14,0,0,1,2,13,0,0,3,0,37,17,21,4,0,0,7,125,0,0,0,0,0,0,8,0,0,0,0,0,0,0,0,8,4,13
1991,"winter",9,0,0,1,0,8,0,0,0,0,1,0,0,1,0,10,13,4,0,0,0,14,110,0,0,0,0,0,0,5,0,0,0,0,0,0,0,0,10,1,1
1991,"winter",10,0,0,0,14,0,0,0,2,1,0,0,0,0,1,19,0,0,4,0,0,0,71,0,0,5,0,0,4,4,1,0,2,0,0,1,0,5,1,3,4
1991,"winter",11,0,0,0,2,2,0,1,1,0,0,0,0,0,0,18,0,14,0,0,0,0,32,0,0,0,0,0,0,9,0,0,2,0,0,9,0,3,1,4,1
1991,"winter",12,0,0,0,0,4,1,1,1,0,0,0,0,5,1,61,0,36,0,0,0,0,53,0,0,0,0,0,0,4,1,0,5,0,0,5,0,0,7,5,0
1991,"winter",13,0,0,1,1,4,0,0,9,1,1,0,0,0,0,13,1,16,0,0,0,1,29,0,0,0,0,0,0,5,0,0,1,0,0,3,0,1,8,0,0
1991,"winter",14,0,0,1,2,12,0,1,3,1,1,0,0,3,0,20,0,35,0,0,0,1,61,0,0,0,0,0,3,8,1,0,5,0,0,9,0,0,17,1,1
1991,"winter",15,0,0,1,259,3,0,0,5,1,0,0,0,1,0,17,0,8,0,0,0,0,31,1,0,0,0,0,2,1,0,0,3,0,0,9,0,0,5,0,0
1991,"winter",16,0,0,0,214,7,0,0,1,0,0,0,0,0,0,19,14,3,1,0,0,1,61,0,0,0,0,0,10,3,0,0,1,0,0,2,0,0,10,0,0
1991,"winter",17,0,0,0,10,3,0,0,4,0,4,0,0,0,1,27,6,14,0,0,0,0,38,0,0,1,0,0,10,7,1,0,0,0,0,4,0,7,3,3,0
1991,"winter",18,0,0,0,0,8,0,1,7,1,0,0,0,1,0,9,2,33,0,0,0,0,10,0,3,0,0,0,3,0,0,0,0,0,0,13,0,2,0,0,0
1991,"winter",19,0,0,3,6,2,0,16,7,0,3,0,0,0,17,19,0,11,4,0,0,0,101,0,2,0,0,0,0,0,1,0,0,0,0,6,0,3,1,0,0
1991,"winter",20,0,0,2,1,4,0,0,2,0,3,0,0,2,1,21,3,18,0,0,5,0,51,0,1,0,0,0,4,7,0,0,0,0,0,12,0,0,16,1,1
1991,"winter",21,0,0,1,5,0,0,1,1,0,1,0,0,0,8,27,8,7,0,0,0,0,74,0,0,0,0,0,4,8,0,1,0,0,0,2,0,2,1,0,0
1991,"winter",22,0,0,0,0,2,0,0,0,3,2,0,0,3,0,17,28,7,0,0,0,6,60,0,0,0,0,0,0,7,1,1,0,0,0,1,0,1,10,1,30
1991,"winter",23,0,0,0,42,0,0,7,3,0,6,2,0,1,7,9,0,4,0,2,0,0,72,0,0,0,0,0,1,2,1,0,1,0,0,5,0,5,2,0,3
1991,"winter",24,1,0,0,1,10,0,0,0,0,0,0,0,2,5,21,0,35,0,0,0,1,19,0,0,0,0,0,0,2,0,0,0,0,0,6,0,0,8,0,0
1992,"winter",1,0,0,2,0,0,0,0,0,0,0,0,0,20,0,56,9,740,6,0,0,150,767,1,1,0,0,0,0,37,1,0,0,0,0,1,0,0,78,62,15
1992,"winter",2,0,0,1,0,0,0,0,0,2,28,0,0,119,0,406,14,750,0,0,0,139,9,0,0,0,0,0,0,35,2,0,0,0,0,2,0,0,259,20,17
1992,"winter",3,0,0,0,38,1,0,0,6,0,1,205,0,7,0,836,4,568,4,0,0,44,2192,1,3,2,0,0,0,6,3,0,0,0,0,0,0,63,3,8,0
1992,"winter",4,0,0,10,0,5,0,12,2,0,0,0,0,32,0,504,0,1446,0,0,0,4,2951,0,0,0,0,0,3,5,0,0,0,0,0,0,0,0,6,18,59
1992,"winter",5,0,0,0,15,1,0,0,2,0,0,38,0,2,0,281,1,87,0,0,0,4,2450,0,0,0,0,0,1,2,3,0,2,0,0,1,0,0,8,0,0
1992,"winter",6,0,0,0,8,1,0,15,2,0,1,10,0,28,0,619,4,1166,0,0,0,8,2696,0,0,0,0,0,0,10,2,0,0,0,0,0,0,0,16,12,11
1992,"winter",7,0,0,0,169,0,0,0,1,0,0,37,0,33,0,343,0,431,27,0,0,3,601,0,71,10,0,0,6,3,0,0,0,0,0,1,0,124,3,1,45
1992,"winter",8,0,0,0,2,1,1,15,0,1,12,3,0,47,0,498,10,697,10,0,0,276,3835,0,0,0,0,0,0,10,3,0,0,0,0,0,0,0,15,35,66
1992,"winter",9,0,0,0,1,0,0,0,0,0,3,3,0,5,0,124,10,49,0,0,0,41,4200,0,0,0,0,0,0,4,1,0,0,0,0,0,0,1,15,3,4
1992,"winter",10,0,0,0,42,0,4,0,2,1,2,406,0,9,0,649,3,65,2,0,0,6,3257,0,4,17,0,0,11,26,16,0,1,0,0,0,0,142,3,16,34
1992,"winter",11,0,0,1,0,0,2,59,7,0,9,2,0,20,0,372,33,481,0,0,0,12,1776,0,1,3,0,0,0,20,4,0,0,0,0,10,0,16,19,37,7
1992,"winter",12,0,0,1,0,0,1,46,0,2,1,0,0,44,0,678,9,1552,0,0,0,0,1586,1,11,2,0,0,0,12,1,0,0,0,0,6,0,1,27,37,2
1992,"winter",13,0,0,0,6,7,2,0,6,1,2,12,0,32,0,324,14,902,1,0,0,53,894,0,0,0,0,0,0,9,3,0,1,0,0,3,0,14,20,11,2
1992,"winter",14,0,0,0,4,4,2,2,2,1,3,0,0,25,0,195,0,470,0,0,0,1,1885,0,0,0,0,0,31,3,0,0,2,0,0,10,0,0,37,13,1
1992,"winter",15,0,0,0,52,1,1,0,0,3,0,0,0,3,0,93,3,70,0,0,0,6,261,0,0,0,0,0,1,3,0,0,0,0,0,1,0,2,20,0,0
1992,"winter",16,0,0,0,193,4,1,1,3,0,3,0,0,2,0,306,0,159,6,0,0,24,4559,17,0,5,0,0,40,9,8,0,1,0,0,0,2,0,32,3,2
1992,"winter",17,0,0,0,22,2,4,1,4,1,52,0,0,10,0,295,20,541,0,0,0,0,1919,0,6,6,0,0,50,9,0,0,0,0,0,6,0,40,28,29,2
1992,"winter",18,0,0,0,0,4,0,17,2,3,0,0,0,5,0,210,2,995,1,0,0,1,335,0,25,1,0,0,13,7,1,0,0,0,0,14,0,92,9,4,0
1992,"winter",19,0,0,0,37,0,1,233,1,0,8,0,0,2,0,401,1,361,31,0,0,7,4082,2,6,94,0,0,6,4,2,0,1,0,0,4,0,31,4,7,0
1992,"winter",20,0,0,0,6,0,2,1,0,0,26,0,0,19,0,389,2,711,0,0,1,0,2317,0,18,0,0,0,10,2,2,0,2,0,0,1,0,2,38,3,8
1992,"winter",21,0,0,0,132,0,0,84,0,1,5,0,0,13,0,414,2,172,1,0,0,28,1673,0,66,105,0,0,3,17,22,0,11,0,0,4,0,113,3,6,0
1992,"winter",22,0,0,0,0,0,0,0,0,0,8,0,0,10,0,165,13,128,0,0,3,34,656,0,0,0,0,0,0,9,10,0,0,0,0,1,0,1,18,3,139
1992,"winter",23,0,0,0,119,0,0,136,2,0,38,0,0,3,0,318,0,264,16,0,2,3,3019,0,5,61,0,0,7,9,3,0,1,0,0,2,0,191,10,2,20
1992,"winter",24,1,0,1,8,0,1,6,0,0,12,1,0,19,4,285,0,654,0,0,0,0,694,0,9,1,0,0,0,1,1,0,0,0,0,2,0,0,22,9,4
1993,"winter",1,0,0,11,0,0,1,0,10,3,35,0,0,104,0,48,8,651,36,0,0,422,8435,0,1,0,0,0,0,15,4,0,0,0,0,1,0,0,75,42,44
1993,"winter",2,0,0,6,1,0,0,0,2,0,82,0,0,164,0,437,17,481,8,0,0,394,23,4,7,0,0,0,0,27,3,0,0,0,0,1,0,0,375,25,439
1993,"winter",3,0,0,0,138,0,0,0,4,0,12,0,0,78,0,307,10,295,24,4,0,76,2954,0,7,4,0,0,0,2,14,0,0,0,0,0,0,305,11,1,70
1993,"winter",4,0,0,4,22,2,0,13,5,2,0,0,0,19,0,131,0,254,0,0,0,1,4048,0,0,1,0,0,9,3,2,0,0,0,0,0,0,0,1,7,555
1993,"winter",5,0,0,0,117,4,0,0,0,0,1,0,0,10,0,84,0,13,0,4,0,4,3777,0,0,0,0,0,5,8,19,0,1,0,0,2,0,0,14,2,5
1993,"winter",6,0,0,9,37,4,0,2,12,0,5,0,0,39,0,209,3,58,0,0,0,34,3491,0,0,0,0,0,1,17,13,0,1,0,0,0,0,0,26,3,26
1993,"winter",7,0,0,1,805,1,0,0,1,0,0,0,0,69,0,357,0,55,247,13,0,8,1152,1,33,21,0,0,2,5,2,0,2,0,0,0,0,244,5,0,403
1993,"winter",8,0,0,8,1,1,0,10,1,0,56,0,0,49,0,183,0,36,16,15,0,107,5143,0,13,0,0,0,0,3,3,0,0,0,0,0,0,1,10,12,837
1993,"winter",9,2,0,3,1,0,0,0,0,1,13,0,0,30,0,133,0,6,0,0,0,50,1451,0,0,0,0,0,0,7,6,0,0,0,0,1,0,0,49,3,277
1993,"winter",10,0,0,0,318,0,0,0,4,1,18,0,0,41,0,228,0,35,13,6,0,0,4595,0,0,22,0,0,27,9,39,0,0,0,0,1,0,140,25,4,288
1993,"winter",11,0,0,2,1,0,0,93,1,0,33,0,0,63,0,206,2,147,0,1,0,39,2548,0,18,0,0,0,0,22,1,0,0,0,0,6,0,59,20,18,13
1993,"winter",12,4,0,1,1,1,0,81,2,0,10,0,0,93,0,493,3,478,1,5,0,22,1229,0,36,0,0,0,0,23,1,0,0,0,0,1,0,2,46,20,8
1993,"winter",13,0,0,4,26,1,0,2,4,0,19,0,0,43,0,310,2,277,0,1,0,93,1926,0,4,0,0,0,0,4,2,0,0,0,0,5,0,97,42,7,190
1993,"winter",14,0,0,2,0,6,0,4,1,5,34,0,0,54,0,277,0,63,0,0,0,3,766,0,8,0,0,0,61,5,3,0,0,0,0,7,0,0,110,17,1
1993,"winter",15,0,0,1,363,0,0,0,1,2,8,0,0,23,0,94,0,48,0,0,0,2,797,0,0,0,0,0,4,0,5,0,0,0,0,1,0,1,73,4,0
1993,"winter",16,0,0,0,803,0,0,15,0,0,1,0,0,22,0,188,16,95,55,9,2,14,2917,2,0,24,0,0,17,2,29,0,0,0,0,1,0,0,6,11,164
1993,"winter",17,0,0,0,109,1,0,1,4,6,110,1,0,39,0,125,6,253,1,0,0,0,2846,0,17,13,0,0,30,16,0,0,0,0,0,2,0,195,15,29,4
1993,"winter",18,0,0,1,0,0,0,77,0,15,1,0,0,55,0,152,8,427,33,3,0,4,685,0,61,22,0,0,30,8,7,0,0,0,0,8,0,208,33,11,24
1993,"winter",19,0,0,2,242,0,0,311,0,0,42,0,0,17,0,200,4,53,71,32,0,0,2442,0,20,111,0,0,8,1,16,0,0,0,0,0,0,83,4,8,0
1993,"winter",20,0,0,4,25,0,1,1,0,0,50,0,0,52,0,352,1,223,0,0,0,34,3408,0,34,0,0,0,9,6,0,0,0,0,0,2,0,0,50,11,16
1993,"winter",21,0,0,0,181,2,0,183,1,0,18,0,0,35,0,472,0,35,12,3,3,42,3024,2,53,210,0,0,16,17,30,0,0,0,0,4,0,17,5,9,1
1993,"winter",22,0,0,3,0,1,1,1,1,1,83,0,0,47,0,243,56,68,0,0,21,143,2103,1,10,0,0,0,0,8,14,0,0,0,0,3,0,15,47,16,547
1993,"winter",23,0,0,1,505,0,0,185,8,0,113,0,0,35,0,136,0,97,38,10,4,25,2803,1,9,110,0,0,18,1,10,0,0,0,0,0,0,154,6,1,58
1993,"winter",24,0,0,0,43,5,0,6,4,5,2,0,0,77,0,191,0,106,0,0,0,5,1758,0,22,7,0,0,0,13,2,0,0,0,0,3,0,19,19,9,9
1994,"winter",1,0,0,5,0,0,23,0,4,1,123,0,0,39,0,79,0,84,121,0,0,15,191,12,1,0,0,0,0,0,8,0,0,0,0,0,0,0,5,18,55
1994,"winter",2,0,0,0,1,0,6,0,0,1,147,0,0,28,0,132,1,34,51,0,0,7,0,4,0,0,0,0,0,0,6,0,0,0,0,0,0,0,19,16,310
1994,"winter",3,0,0,0,30,1,2,0,4,0,29,0,0,16,0,102,0,31,78,0,0,1,107,0,1,0,0,0,0,0,4,0,0,0,0,0,0,76,1,6,23
1994,"winter",4,0,0,0,9,0,5,65,2,0,0,0,0,38,1,58,0,62,3,0,0,0,48,0,0,0,0,0,0,0,3,0,0,0,0,0,0,0,0,10,96
1994,"winter",5,0,0,0,2,3,1,0,1,0,0,0,0,0,2,1,0,2,15,0,0,0,8,0,0,0,0,0,2,0,6,0,0,0,0,0,0,0,0,2,0
1994,"winter",6,0,0,0,0,1,5,7,2,0,4,0,0,2,1,9,0,12,1,0,0,0,10,0,0,0,0,0,0,0,13,0,0,0,0,0,0,0,0,3,13
1994,"winter",7,0,0,0,34,0,0,0,0,0,0,0,0,1,0,12,0,19,408,0,0,0,3,0,2,7,0,0,0,4,0,0,0,0,0,0,0,571,0,2,59
1994,"winter",8,0,0,0,3,3,7,24,2,0,87,0,0,60,0,171,0,27,43,0,0,6,149,0,3,0,0,0,0,0,0,0,0,0,0,1,0,0,3,14,141
1994,"winter",9,2,0,0,0,0,2,1,0,1,8,0,0,9,0,37,0,0,2,0,0,1,76,0,0,0,0,0,0,0,3,0,0,0,0,0,0,0,0,2,108
1994,"winter",10,0,0,0,32,2,6,1,2,1,30,0,0,12,0,175,0,11,47,17,0,0,115,0,0,22,0,0,2,0,58,0,0,0,0,0,0,39,1,6,4
1994,"winter",11,0,0,0,0,0,7,173,1,1,75,0,0,11,0,84,0,10,3,0,0,2,114,0,0,1,0,0,0,0,1,0,0,0,0,1,0,44,2,14,9
1994,"winter",12,8,0,0,0,0,11,155,0,1,32,0,0,16,3,272,1,66,10,0,0,1,38,0,30,0,0,0,0,0,0,0,0,0,0,0,0,5,0,25,18
1994,"winter",13,0,0,0,2,0,1,5,0,0,26,0,0,6,0,176,0,32,11,0,0,8,38,0,2,0,0,0,0,0,2,0,0,0,0,0,0,54,4,12,47
1994,"winter",14,0,0,0,0,0,1,3,0,3,2,0,0,6,0,31,0,6,0,0,0,0,5,0,0,0,0,0,0,0,0,0,0,0,0,1,0,0,9,9,1
1994,"winter",15,0,0,0,3,0,0,0,0,0,0,0,0,0,0,2,0,3,0,0,0,0,5,0,0,0,0,0,0,0,0,0,0,0,0,0,0,3,0,1,0
1994,"winter",16,0,0,0,268,3,0,5,1,0,1,0,0,5,0,18,1,0,133,6,0,0,60,0,0,1,0,0,0,0,33,0,0,0,0,0,0,0,0,9,30
1994,"winter",17,0,0,0,0,0,0,0,0,2,7,0,0,1,0,6,0,10,0,0,0,0,8,0,0,0,0,0,0,0,0,0,0,0,0,0,0,0,0,6,7
1994,"winter",18,0,0,0,1,3,1,79,0,0,4,0,0,1,0,11,0,31,21,0,0,0,16,0,12,0,0,0,0,0,2,0,0,0,0,0,0,25,0,21,13
1994,"winter",19,0,0,0,33,0,0,124,1,0,29,0,0,9,0,71,0,15,244,0,0,0,51,0,9,0,0,0,0,0,15,0,0,0,0,0,0,1,0,4,0
1994,"winter",20,0,0,0,13,0,2,3,1,0,21,0,0,9,0,111,0,38,0,0,0,0,114,0,20,0,0,0,0,0,8,0,0,0,0,1,0,3,1,16,12
1994,"winter",21,0,0,0,72,0,4,191,1,1,19,0,0,1,0,62,0,5,18,5,1,0,68,0,23,0,0,0,0,0,6,0,0,0,0,0,0,12,0,10,1
1994,"winter",22,0,0,0,0,1,11,11,0,1,78,0,0,9,0,113,2,9,1,0,8,3,40,0,7,0,0,0,0,1,10,0,0,0,0,1,0,7,2,14,1137
1994,"winter",23,0,0,0,291,0,1,145,3,0,32,0,0,1,0,22,0,14,97,22,5,0,34,1,2,9,0,0,0,0,8,0,0,0,0,0,0,2,0,0,52
1994,"winter",24,0,0,0,0,1,5,32,0,0,4,0,0,1,0,3,0,14,0,0,0,0,3,0,0,0,0,0,0,0,0,0,0,0,0,0,0,0,0,0,20
1995,"winter",1,3,0,7,3,2,10,6,10,12,319,0,0,121,0,156,3,153,119,6,0,325,81,0,4,0,0,0,0,0,2,0,1,0,0,2,0,2,295,26,117
1995,"winter",2,0,0,5,11,0,16,0,1,0,644,0,0,81,0,331,11,79,58,0,0,512,3,41,7,0,0,1,0,0,6,0,0,0,0,36,0,4,306,6,670
1995,"winter",3,0,0,0,403,0,8,0,10,0,67,0,0,43,0,229,0,49,56,0,0,12,35,0,3,2,0,0,2,0,4,0,2,0,0,3,0,131,6,7,87
1995,"winter",4,0,0,2,105,3,10,20,22,3,5,0,0,37,1,177,0,187,4,0,0,0,110,0,1,2,0,0,12,0,2,0,4,0,0,9,0,0,15,6,293
1995,"winter",5,0,0,7,450,2,8,0,6,1,1,0,0,12,0,36,0,11,6,0,0,1,149,0,0,0,0,0,9,0,3,0,2,0,0,5,0,0,20,1,4
1995,"winter",6,0,0,5,135,2,20,15,62,1,18,0,0,36,0,121,3,67,3,0,0,48,101,0,0,0,0,0,4,0,16,0,4,0,0,13,1,1,48,4,91
1995,"winter",7,0,0,2,780,3,0,0,4,0,3,0,0,83,0,50,0,20,281,0,0,1,53,1,22,25,0,0,23,0,1,0,1,0,0,3,0,73,12,3,229
1995,"winter",8,0,0,3,13,2,12,4,6,3,244,0,0,40,0,524,1,153,67,0,0,97,173,0,11,0,0,0,2,0,0,15,0,0,0,2,0,2,27,38,786
1995,"winter",9,4,0,0,2,3,16,0,1,2,101,0,0,22,2,99,0,8,1,0,0,75,164,0,0,0,0,0,0,0,3,0,0,0,0,2,0,0,68,9,126
1995,"winter",10,0,0,4,1370,0,11,0,21,0,50,0,0,32,0,223,0,26,55,15,0,2,116,0,0,19,0,0,40,0,14,0,2,0,0,3,0,61,41,1,67
1995,"winter",11,0,0,0,7,0,23,64,2,1,133,0,0,59,0,98,0,29,2,0,0,16,195,0,0,16,0,0,0,1,5,0,10,0,0,46,27,31,42,17,44
1995,"winter",12,5,0,1,3,0,30,123,0,1,39,0,0,56,0,452,0,46,12,0,0,18,87,1,26,2,0,0,0,0,1,0,4,0,0,37,0,2,39,25,52
1995,"winter",13,0,0,5,94,6,7,9,6,2,34,0,0,79,0,927,0,225,19,0,0,22,95,0,5,0,0,2,3,0,7,0,2,0,0,20,0,75,75,14,534
1995,"winter",14,0,0,0,4,2,9,1,2,9,20,0,0,32,0,155,0,29,0,0,0,3,48,0,6,0,0,0,11,0,0,0,6,0,0,56,0,0,251,8,10
1995,"winter",15,0,0,1,1016,0,3,0,2,4,0,0,0,14,0,75,0,7,1,0,0,3,39,0,0,1,0,0,4,0,3,0,1,0,0,27,0,8,314,5,3
1995,"winter",16,0,0,0,2005,0,2,8,1,2,4,0,0,12,0,64,0,16,151,3,19,5,53,1,0,0,0,0,0,0,12,0,5,0,0,23,0,7,16,6,35
1995,"winter",17,0,0,0,374,0,9,0,5,6,72,0,0,62,0,244,3,24,5,0,0,6,160,0,44,13,0,0,57,0,2,0,1,0,0,28,0,69,29,22,15
1995,"winter",18,0,0,4,3,2,7,114,6,6,19,0,0,23,0,146,0,50,72,0,0,0,46,0,34,4,0,0,83,0,2,0,1,0,0,41,0,200,16,11,47
1995,"winter",19,1,0,1,601,0,6,168,0,0,145,0,0,11,0,288,4,33,195,0,0,9,85,1,18,57,0,1,42,0,6,0,3,0,0,17,0,36,3,2,10
1995,"winter",20,0,0,4,55,0,9,1,1,2,133,0,0,27,0,474,1,75,0,0,2,43,193,3,74,1,0,0,1,0,1,0,6,0,0,37,0,0,79,7,81
1995,"winter",21,0,0,2,919,0,6,39,5,1,46,0,0,6,0,200,0,4,35,2,14,20,94,3,22,46,0,0,31,0,20,0,2,0,0,37,0,13,9,11,2
1995,"winter",22,0,0,2,2,0,15,9,0,3,163,0,0,32,0,272,12,88,7,0,65,103,51,1,9,0,0,1,1,0,17,0,0,0,0,8,1,9,139,7,926
1995,"winter",23,0,0,1,1816,0,3,59,6,0,33,0,0,7,0,153,0,19,139,13,20,17,78,1,6,211,0,1,30,0,5,0,1,0,0,22,0,105,7,1,106
1995,"winter",24,2,0,2,242,3,13,11,2,9,18,0,0,54,0,96,0,66,1,0,0,0,50,0,9,17,0,1,1,0,1,0,3,0,0,19,0,8,35,8,70
1996,"winter",5,0,0,0,0,1,0,0,0,0,0,0,0,0,0,0,0,0,0,0,0,0,0,0,0,0,0,0,0,0,0,0,0,0,0,0,0,0,0,0,0
1996,"winter",21,0,0,0,0,0,0,0,0,0,0,0,0,0,0,0,0,13,0,0,0,0,0,0,0,0,0,0,0,0,0,0,0,0,0,0,0,0,0,0,0
1997,"winter",1,0,0,1,3,1,0,0,0,11,124,0,0,9,0,39,0,170,386,0,0,21,170,0,0,0,0,0,0,2,9,0,0,0,0,6,65,12,54,3,84
1997,"winter",2,1,0,1,3,0,0,0,0,2,141,0,0,28,0,61,0,74,240,0,2,45,3,149,2,0,0,0,0,1,4,0,0,0,0,29,4,3,31,1,73
1997,"winter",3,0,0,0,258,1,0,0,1,3,13,0,0,4,0,14,0,135,450,0,0,2,81,3,0,11,0,0,0,0,11,0,2,0,0,2,0,352,4,0,6
1997,"winter",4,0,0,0,288,0,0,156,4,24,0,0,0,21,0,9,0,397,16,1,0,0,31,0,0,12,0,0,10,0,5,0,7,0,0,1,0,0,2,2,18
1997,"winter",5,0,0,0,327,2,0,1,3,4,1,0,0,7,0,18,0,127,132,2,0,0,224,0,0,0,0,0,7,0,12,0,4,0,0,8,0,0,5,0,3
1997,"winter",6,0,0,0,159,4,0,16,2,10,5,0,0,8,0,23,0,244,78,0,0,3,259,0,0,0,0,0,1,2,26,0,4,0,0,8,0,1,7,3,17
1997,"winter",7,0,0,0,241,0,0,0,0,2,0,0,0,0,0,4,0,110,1101,0,0,1,25,17,0,23,0,0,0,0,4,0,0,0,0,0,0,53,0,0,10
1997,"winter",8,0,0,0,16,6,0,24,0,7,65,0,0,5,0,107,0,248,462,0,0,2,188,1,1,0,7,0,1,0,2,0,0,0,0,1,0,3,5,5,82
1997,"winter",9,8,0,1,1,5,0,2,1,2,74,0,0,20,0,44,0,30,12,0,2,3,72,0,0,0,0,0,0,0,0,0,0,0,0,6,0,3,14,0,25
1997,"winter",10,1,0,0,232,1,0,0,0,0,12,0,0,6,0,14,6,315,501,18,0,3,40,0,0,137,5,0,16,0,7,0,1,0,0,3,0,7,3,1,3
1997,"winter",11,0,0,0,5,1,0,183,0,4,44,0,0,16,0,20,0,72,54,0,0,4,155,1,0,38,0,0,0,0,13,0,9,0,0,62,0,97,15,2,21
1997,"winter",12,10,0,0,4,0,0,258,0,5,17,0,0,13,0,71,0,147,99,0,0,5,50,3,11,23,6,0,0,2,0,0,6,0,0,18,0,3,4,1,9
1997,"winter",13,4,0,0,133,6,0,45,0,4,7,0,0,9,0,71,0,419,281,0,0,3,147,2,1,0,33,0,2,0,24,0,1,0,0,12,0,70,9,6,65
1997,"winter",14,0,0,0,8,3,0,29,1,12,3,0,0,28,0,75,0,86,8,0,0,0,77,0,3,5,0,0,6,2,4,0,0,0,0,105,1,0,59,2,4
1997,"winter",15,0,0,0,338,1,0,0,1,16,0,0,0,14,0,8,0,144,10,0,1,0,16,9,0,15,8,0,4,0,5,0,2,0,0,45,0,33,45,2,5
1997,"winter",16,0,0,0,515,1,0,8,0,2,4,0,0,2,0,24,0,74,1238,1,38,0,54,1,0,4,1,0,1,0,19,0,2,0,0,4,0,186,2,0,17
1997,"winter",17,0,0,0,246,1,0,6,3,13,13,0,0,7,0,77,0,169,23,0,0,0,160,11,1,134,3,0,3,2,7,0,2,0,0,34,0,53,5,9,10
1997,"winter",18,0,0,0,8,3,0,105,0,12,41,0,0,0,0,49,0,114,405,0,0,1,90,1,4,25,1,0,0,0,9,0,0,0,0,18,0,534,2,0,23
1997,"winter",19,0,0,0,355,0,0,58,0,1,42,0,0,0,0,26,0,142,1058,0,0,1,99,11,1,211,34,0,7,0,11,0,1,0,0,0,0,46,1,0,7
1997,"winter",20,0,0,0,107,2,0,25,0,12,63,0,0,22,0,70,0,190,34,0,24,9,296,9,7,2,36,0,0,1,10,0,1,0,0,27,0,0,20,2,31
1997,"winter",21,0,0,0,285,1,0,97,1,0,15,0,0,0,0,17,0,31,291,2,68,2,93,6,4,114,15,0,8,2,14,0,2,0,0,6,0,5,0,1,1
1997,"winter",22,0,0,2,1,1,0,37,0,12,92,0,0,4,0,54,1,172,112,0,84,3,61,25,0,0,13,0,0,0,36,0,0,0,0,21,0,22,67,4,83
1997,"winter",23,0,0,0,304,0,0,52,0,0,28,0,0,0,0,6,0,43,579,21,17,0,31,6,1,198,27,0,8,0,5,0,14,0,0,9,2,34,0,0,31
1997,"winter",24,8,0,0,196,2,0,67,0,15,14,0,0,17,0,13,0,209,45,0,0,0,84,0,2,71,0,0,0,2,1,0,0,0,0,16,0,7,3,0,14
1998,"winter",1,0,0,0,1,0,2,3,0,4,13,0,0,3,0,7,0,111,750,0,0,1,0,2,0,0,1,0,0,1,5,0,0,0,0,0,31,3,20,1,40
1998,"winter",2,0,0,0,0,0,0,0,0,0,16,0,0,4,0,10,0,142,514,0,1,6,0,200,0,0,11,0,0,0,4,0,0,0,0,3,5,0,45,0,34
1998,"winter",3,0,0,1,32,0,0,0,3,0,0,0,0,0,0,6,0,57,758,0,0,0,2,0,0,0,1,0,0,0,5,0,0,0,0,2,0,297,3,1,6
1998,"winter",4,0,0,2,49,0,0,107,5,5,0,0,0,11,0,1,0,114,68,0,0,0,1,0,0,4,0,0,2,0,4,0,0,0,0,0,0,0,0,0,5
1998,"winter",5,0,0,0,13,1,0,0,18,0,0,0,0,2,0,1,0,47,586,0,0,0,0,0,0,0,0,0,2,0,3,0,0,0,0,0,0,0,1,0,2
1998,"winter",6,0,0,0,48,0,0,6,8,3,0,0,0,3,0,2,0,12,125,0,0,1,4,0,0,0,0,0,0,0,12,0,0,0,0,3,0,0,1,0,15
1998,"winter",7,0,0,0,126,0,0,0,0,0,0,0,0,1,0,8,0,71,1737,0,0,0,9,10,0,4,0,0,3,0,0,0,0,0,0,0,0,82,0,0,21
1998,"winter",8,1,0,0,0,0,0,19,1,2,11,0,0,14,0,31,0,145,716,0,0,0,9,0,0,0,2,0,0,0,3,0,1,0,0,0,0,2,1,0,42
1998,"winter",9,0,0,0,0,0,0,0,0,4,4,0,0,9,0,8,0,24,10,0,4,1,1,2,0,0,1,0,0,0,6,0,0,0,0,0,0,1,6,0,10
1998,"winter",10,0,0,0,54,0,0,1,0,0,1,0,0,4,0,5,3,351,960,12,0,0,0,0,0,29,0,0,1,0,1,0,0,0,0,0,0,0,0,0,0
1998,"winter",11,0,0,0,3,1,0,127,0,0,1,0,0,4,0,3,0,58,143,0,0,0,0,0,0,8,0,0,0,0,4,0,1,0,0,1,0,27,0,0,1
1998,"winter",12,0,0,0,4,0,0,170,0,0,1,0,0,1,0,9,0,39,177,0,0,0,1,0,0,36,0,0,0,0,3,0,0,0,0,1,0,6,0,1,3
1998,"winter",13,0,0,1,46,0,0,46,1,0,1,0,0,6,0,10,0,98,492,0,0,0,26,0,0,0,36,0,0,0,16,0,0,0,0,2,0,10,1,5,114
1998,"winter",14,0,0,0,0,0,0,10,0,0,0,0,0,10,0,2,0,45,18,0,0,0,0,0,0,0,0,0,19,0,0,0,0,0,0,0,0,0,1,0,0
1998,"winter",15,0,0,0,49,0,0,5,0,0,1,0,0,3,0,2,0,70,57,0,0,1,0,0,0,27,2,0,0,0,3,0,0,0,0,2,0,28,13,1,9
1998,"winter",16,0,0,0,181,1,0,9,0,0,1,0,0,5,0,4,0,32,1232,0,10,0,1,8,0,1,5,0,0,0,20,0,0,0,0,0,1,48,0,0,83
1998,"winter",17,0,0,0,0,0,0,11,4,0,0,0,0,0,0,8,0,126,59,0,0,0,1,0,0,12,1,0,0,0,4,0,0,0,0,0,0,10,1,0,12
1998,"winter",18,0,0,0,4,1,0,130,1,0,3,0,0,0,0,6,0,39,831,0,0,0,5,0,1,0,0,0,0,0,28,0,0,0,0,3,0,337,0,2,2
1998,"winter",19,0,0,0,71,0,0,25,0,0,2,0,0,0,0,13,0,95,1039,1,0,0,8,0,1,61,15,0,0,0,6,0,1,0,0,0,0,21,6,1,12
1998,"winter",20,0,0,0,35,0,0,44,0,0,5,0,0,3,0,9,0,257,300,0,4,0,10,2,0,2,2,0,0,1,11,0,1,0,0,3,0,0,10,0,12
1998,"winter",21,0,0,0,53,0,0,116,1,0,4,0,0,0,0,1,0,57,857,1,10,0,11,0,2,37,4,0,1,0,9,0,0,0,0,0,0,0,2,0,2
1998,"winter",22,0,0,0,0,0,0,27,0,7,13,0,0,2,0,5,0,31,524,0,36,1,6,0,0,0,2,0,0,1,45,0,0,0,0,1,0,5,26,2,27
1998,"winter",23,0,0,0,147,0,0,105,0,0,2,0,0,0,0,2,0,337,1658,24,8,0,3,1,0,43,6,0,0,0,3,0,0,0,0,0,6,5,0,0,14
1998,"winter",24,0,0,0,22,0,0,73,0,0,0,0,0,1,0,1,0,50,167,0,0,0,1,0,0,25,0,0,0,0,3,0,0,0,0,0,0,18,0,1,29
1999,"winter",1,1,0,0,0,0,0,0,0,0,0,0,0,0,0,0,0,0,0,0,0,0,0,0,0,0,0,0,0,0,0,0,0,0,0,0,0,0,0,0,0
1999,"winter",2,0,0,0,0,0,0,0,0,0,0,0,0,0,0,1,0,2,23,0,0,0,0,0,0,0,0,0,0,0,0,0,0,0,0,0,0,0,0,0,0
1999,"winter",3,0,0,0,0,0,0,0,0,0,0,0,0,0,0,0,0,1,1,0,0,0,0,0,0,0,0,0,0,0,0,0,0,0,0,0,0,0,0,0,0
1999,"winter",4,0,0,0,1,0,0,0,0,0,0,0,0,0,0,0,0,28,0,0,0,0,0,0,0,0,0,0,0,0,0,0,0,0,0,0,0,0,0,0,0
1999,"winter",7,0,0,0,1,0,0,0,0,0,0,0,0,0,0,0,0,0,0,0,0,0,0,0,0,0,0,0,0,0,0,0,0,0,0,0,0,0,0,0,0
1999,"winter",8,0,0,0,0,0,0,0,0,0,0,0,0,0,0,0,0,2,2,0,0,0,0,0,0,0,0,0,0,0,0,0,0,0,0,0,0,0,0,0,0
1999,"winter",9,0,0,0,0,0,0,0,0,0,0,0,0,0,0,0,0,1,0,0,0,0,0,0,0,0,0,0,0,0,0,0,0,0,0,0,0,0,0,0,0
1999,"winter",10,0,0,0,0,0,0,0,0,0,0,0,0,0,0,0,0,1,0,0,0,0,0,0,0,0,0,0,0,0,0,0,0,0,0,0,0,0,0,0,0
1999,"winter",11,0,0,0,0,0,0,0,0,0,0,0,0,0,0,0,0,2,0,0,0,0,0,0,0,0,0,0,0,0,0,0,0,0,0,0,0,0,0,0,0
1999,"winter",12,0,0,0,0,0,0,0,0,0,0,0,0,0,0,0,0,4,0,0,0,0,0,0,0,0,0,0,0,0,0,0,0,0,0,0,0,0,0,0,0
1999,"winter",15,0,0,0,0,0,0,0,0,0,0,0,0,0,0,0,0,2,0,0,0,0,0,0,0,0,0,0,0,0,0,0,0,0,0,0,0,2,0,0,0
1999,"winter",17,0,0,0,0,0,0,0,0,0,0,0,0,0,0,0,0,20,0,0,0,0,0,0,0,0,0,0,0,0,0,0,0,0,0,0,0,0,0,0,0
1999,"winter",18,0,0,0,0,0,0,0,0,0,0,0,0,0,0,0,0,2,36,0,0,0,0,0,0,0,0,0,0,0,0,0,0,0,0,0,0,0,0,0,0
1999,"winter",19,0,0,0,5,0,0,0,0,0,0,0,0,0,0,0,0,0,14,0,0,0,0,0,0,0,0,0,0,0,0,0,0,0,0,0,0,6,0,0,0
1999,"winter",20,0,0,0,0,0,0,0,0,0,0,0,0,0,0,0,0,4,9,0,0,0,0,0,0,0,0,0,0,0,0,0,0,0,0,0,0,0,0,0,0
1999,"winter",22,0,0,0,0,0,0,0,0,0,0,0,0,0,0,0,0,0,1,0,0,0,0,0,0,0,0,0,0,0,0,0,0,0,0,0,0,0,0,0,0
1999,"winter",24,0,0,0,0,0,0,0,0,0,0,0,0,0,0,0,0,0,0,0,0,0,0,0,0,6,0,0,0,0,0,0,0,0,0,0,0,0,0,0,0
2001,"winter",1,0,0,2,9,3,0,0,19,9,33,0,0,31,0,6,19,0,286,0,0,5,13,0,0,0,0,0,0,3,0,0,4,0,0,9,6,3,37,2,20
2001,"winter",2,0,0,3,4,0,0,0,38,50,57,0,0,47,0,30,7,0,153,0,6,23,0,0,1,0,0,2,0,1,0,4,0,0,0,30,4,0,41,2,15
2001,"winter",3,0,0,1,284,0,0,0,25,5,0,0,0,13,0,20,0,0,291,0,0,8,2,0,0,8,0,1,0,1,1,0,1,0,0,2,0,32,2,0,4
2001,"winter",4,0,0,1,254,0,0,81,22,0,1,0,0,18,0,0,0,0,175,0,0,0,4,0,0,89,0,0,2,0,0,0,1,0,0,1,0,3,3,0,7
2001,"winter",5,0,0,10,330,1,0,2,10,1,0,0,0,12,0,0,0,0,127,0,0,0,11,0,0,0,0,0,5,0,2,0,5,0,0,4,0,0,7,0,5
2001,"winter",6,0,0,1,151,2,6,3,5,1,0,0,0,22,0,7,6,0,156,0,0,4,8,0,0,0,0,0,1,0,4,0,4,0,0,23,0,0,17,2,18
2001,"winter",7,0,0,0,141,0,0,0,7,0,0,0,0,13,0,1,0,0,587,0,0,0,1,0,0,2,0,0,1,0,0,0,0,0,0,0,0,14,0,0,0
2001,"winter",8,0,0,4,11,1,0,7,41,2,49,0,0,14,0,61,2,0,471,0,0,5,3,0,0,0,0,0,0,0,0,0,0,0,0,2,0,1,7,0,10
2001,"winter",9,0,0,2,3,1,0,1,21,0,30,0,0,14,0,22,4,0,20,4,2,5,7,0,0,0,0,0,0,0,0,0,2,0,0,1,0,4,62,0,12
2001,"winter",10,0,0,4,388,0,0,0,0,0,1,0,0,5,0,0,0,0,570,31,0,0,2,0,0,44,0,0,3,1,0,0,1,0,0,0,0,0,0,0,0
2001,"winter",11,0,0,0,39,0,0,166,25,3,8,0,0,22,0,0,1,0,208,0,0,0,10,0,0,77,0,0,0,0,0,0,12,0,0,32,0,10,1,1,1
2001,"winter",12,0,0,1,24,0,0,159,18,0,3,0,0,13,0,6,0,0,309,0,0,5,4,0,0,90,0,0,0,0,0,0,4,0,0,9,0,4,0,0,1
2001,"winter",13,0,0,0,181,0,2,66,24,2,3,0,0,17,0,12,0,0,473,0,0,0,2,0,0,0,0,0,2,0,7,0,6,0,0,1,0,10,2,0,10
2001,"winter",14,0,0,0,9,3,0,15,10,5,21,0,0,50,0,12,0,0,60,0,0,0,8,0,0,14,0,0,2,0,0,0,7,0,0,102,0,0,93,0,0
2001,"winter",15,0,0,0,254,0,1,6,64,6,0,0,0,15,0,5,0,0,100,0,0,0,2,0,0,34,0,0,3,0,0,0,9,0,0,35,0,19,2,0,9
2001,"winter",16,0,0,2,303,0,0,7,14,0,0,0,0,7,0,2,2,0,445,0,3,0,7,0,0,1,0,0,0,0,2,0,10,0,0,1,0,13,1,0,3
2001,"winter",17,0,0,0,275,0,0,63,76,6,16,0,0,16,0,5,0,0,73,0,0,0,2,0,0,60,0,0,0,0,1,0,4,0,0,30,0,37,11,0,18
2001,"winter",18,0,0,2,21,1,0,60,11,4,12,0,0,6,0,9,1,0,363,0,0,0,9,0,1,3,0,0,0,0,1,0,0,0,0,5,0,59,1,0,0
2001,"winter",19,0,0,0,284,0,1,10,14,2,4,0,0,2,0,72,0,0,500,0,0,1,4,0,0,62,0,0,1,1,0,0,2,0,0,1,0,3,0,0,0
2001,"winter",20,0,0,2,203,1,0,71,32,5,50,0,0,12,0,27,3,0,224,0,3,0,4,1,11,14,0,0,1,3,0,0,3,0,0,14,0,0,13,0,5
2001,"winter",21,0,0,0,317,0,0,47,39,0,3,0,0,4,0,0,0,0,384,0,7,0,2,0,1,66,0,2,0,2,0,0,5,0,0,0,0,0,0,0,0
2001,"winter",22,0,0,2,13,0,0,2,16,6,38,0,0,12,0,37,15,9,337,0,46,7,2,0,1,0,0,0,3,1,1,0,2,0,0,0,4,8,40,0,22
2001,"winter",23,0,0,0,467,0,0,20,2,1,0,0,0,9,0,53,0,0,427,11,11,0,1,0,0,79,0,0,0,1,0,0,3,0,0,0,0,0,0,0,2
2001,"winter",24,0,0,3,214,18,0,64,11,2,0,0,0,11,0,2,0,0,196,0,0,0,3,0,1,153,0,0,0,0,0,0,1,0,0,0,0,13,2,0,9
2002,"winter",1,0,0,0,0,0,0,0,0,1,0,0,0,0,0,0,0,6,108,0,0,0,0,0,0,0,0,0,0,0,0,0,0,0,0,0,0,0,0,0,0
2002,"winter",2,3,0,0,0,0,0,0,0,0,0,0,0,0,0,0,0,86,62,0,0,0,0,1,0,0,0,0,0,0,0,0,0,0,0,0,0,0,0,0,0
2002,"winter",3,0,0,0,0,0,0,0,0,0,0,0,0,0,0,0,0,121,131,0,0,0,0,0,0,0,0,0,0,0,0,0,0,0,0,0,0,10,0,0,0
2002,"winter",4,0,0,0,0,0,0,215,0,0,0,0,0,0,0,0,0,287,141,0,0,0,1,0,0,0,0,0,0,0,0,0,0,0,0,0,0,0,0,0,0
2002,"winter",5,0,0,0,0,0,0,0,0,0,0,0,0,0,0,0,0,30,212,0,0,0,0,0,0,0,0,0,0,0,0,0,0,0,0,0,0,0,0,0,0
2002,"winter",6,0,0,0,0,0,0,0,0,0,0,0,0,0,0,0,0,16,48,0,0,0,0,0,0,0,0,0,0,0,0,0,0,0,0,0,0,0,0,0,0
2002,"winter",7,0,0,0,0,0,0,0,0,0,0,0,0,0,0,0,0,25,404,0,0,0,0,0,0,0,0,0,0,0,0,0,0,0,0,0,0,0,0,0,0
2002,"winter",8,0,0,0,0,0,0,1,0,0,0,0,0,0,0,1,0,0,72,98,0,0,0,0,0,0,0,0,0,0,0,0,0,0,0,0,0,0,0,0,0
2002,"winter",9,0,0,0,0,0,0,0,0,0,0,0,0,0,0,0,0,0,5,0,0,0,0,0,0,0,0,0,0,0,0,0,0,0,0,0,0,0,0,0,0
2002,"winter",10,0,0,0,0,0,0,2,0,0,0,0,0,0,0,0,0,61,275,14,0,0,0,0,0,0,0,0,0,0,0,0,0,0,0,0,0,0,0,0,0
2002,"winter",11,0,0,0,0,0,0,18,0,0,0,0,0,0,0,0,0,49,192,0,0,0,0,0,0,0,0,0,0,0,0,0,0,0,0,0,0,0,0,0,0
2002,"winter",12,1,0,0,0,0,0,46,0,0,0,0,0,0,0,0,0,46,59,0,0,0,1,0,0,0,0,0,0,0,0,0,0,0,0,0,0,0,0,0,0
2002,"winter",13,0,0,0,0,0,0,5,0,0,0,0,0,0,0,0,0,10,166,0,0,0,0,0,0,0,0,0,0,0,0,0,0,0,0,0,0,0,0,0,0
2002,"winter",14,0,0,0,0,0,0,4,0,0,0,0,0,0,0,0,0,2,30,0,0,0,0,0,0,0,0,0,0,0,0,0,0,0,0,0,0,0,0,0,0
2002,"winter",15,0,0,0,0,0,0,4,0,0,0,0,0,0,0,0,0,4,21,0,0,0,0,0,0,0,0,0,0,0,0,0,0,0,0,0,0,0,0,0,0
2002,"winter",16,0,0,0,0,0,0,2,0,0,0,0,0,0,0,0,1,53,92,0,0,0,0,0,0,0,0,0,0,0,0,0,0,0,0,0,0,0,0,0,0
2002,"winter",17,0,0,0,0,0,0,45,0,0,0,0,0,0,0,0,3,11,5,0,0,0,0,0,0,0,0,0,0,0,0,0,0,0,0,0,0,0,0,0,0
2002,"winter",18,0,0,0,0,0,0,9,0,0,0,0,0,0,0,0,0,3,21,0,0,0,0,0,0,0,0,0,0,0,0,0,0,0,0,0,0,0,0,0,0
2002,"winter",19,0,0,0,0,0,0,7,0,0,0,0,0,0,0,0,0,25,99,0,0,0,0,0,0,0,0,0,0,0,0,0,0,0,0,0,0,0,0,0,0
2002,"winter",20,0,0,0,0,0,0,8,0,0,0,0,0,0,0,0,0,30,41,0,0,0,0,0,0,0,0,0,0,0,0,0,0,0,0,0,0,0,0,0,0
2002,"winter",21,0,0,0,0,0,0,5,0,0,0,0,0,0,0,0,0,82,120,0,0,0,1,0,0,0,0,0,0,0,0,0,0,0,0,0,0,0,0,0,0
2002,"winter",22,0,0,0,0,0,0,8,0,0,0,0,0,0,0,0,1,31,108,0,0,0,0,0,0,0,0,0,0,0,0,0,0,0,0,0,0,0,0,0,0
2002,"winter",23,0,0,0,4,0,0,16,0,0,0,0,0,0,0,1,0,15,286,0,0,0,0,0,0,0,0,0,0,0,0,0,0,0,0,0,0,0,0,0,0
2002,"winter",24,0,0,0,0,0,0,4,0,0,0,0,0,0,0,0,0,0,11,0,0,0,0,0,0,0,0,0,0,0,0,0,0,0,0,0,0,0,0,0,0
2003,"winter",1,0,0,0,0,0,0,0,0,3,1,0,0,12,0,5,0,2,435,0,0,0,4,0,0,0,0,0,0,0,0,0,0,0,0,0,0,2,1,0,36
2003,"winter",2,0,0,0,0,0,0,0,0,0,0,0,0,39,0,3,0,23,221,0,0,0,0,24,0,0,0,0,0,0,0,0,0,0,0,1,0,0,6,0,53
2003,"winter",3,0,0,0,0,0,0,0,0,0,0,0,0,19,0,1,0,6,393,0,0,0,2,7,0,11,0,0,0,0,0,0,0,0,0,0,0,54,0,0,1
2003,"winter",4,0,0,0,0,1,0,36,0,0,0,0,0,7,0,8,0,6,583,0,0,0,0,0,0,55,0,0,0,0,0,0,0,0,0,0,0,0,0,0,1
2003,"winter",5,0,0,0,0,0,0,0,0,0,0,0,0,7,0,1,0,14,589,0,0,0,9,1,0,0,0,0,0,0,0,0,0,0,0,0,0,0,0,0,5
2003,"winter",6,0,0,0,0,0,0,1,0,1,0,0,0,14,0,0,0,4,534,0,0,0,8,0,0,0,0,0,0,0,0,0,0,0,0,0,0,0,0,0,9
2003,"winter",7,0,0,0,0,0,0,0,0,0,0,0,0,4,0,0,0,12,1938,0,0,0,0,0,0,0,0,0,0,0,0,0,0,0,0,0,0,2,0,0,0
2003,"winter",8,0,0,1,2,0,0,2,0,0,0,0,0,12,0,5,0,7,689,0,0,0,2,0,0,0,0,0,0,0,0,0,0,0,0,0,0,1,0,0,2
2003,"winter",9,0,0,0,0,0,0,0,0,0,0,0,0,0,0,1,0,0,91,0,0,0,0,0,0,0,0,0,0,0,0,0,0,0,0,0,0,1,1,0,0
2003,"winter",10,0,0,0,0,0,0,0,0,0,0,0,0,0,0,0,0,15,1042,60,0,0,0,0,0,6,0,0,0,0,0,0,0,0,0,0,0,0,0,0,0
2003,"winter",11,0,0,0,0,0,0,7,0,0,0,0,0,3,0,1,0,10,626,0,0,0,3,0,0,6,0,0,0,0,0,0,0,0,0,0,0,8,0,0,5
2003,"winter",12,0,0,0,0,0,0,41,0,0,0,0,0,32,0,3,0,9,667,0,0,0,2,2,0,110,0,0,0,0,0,0,0,0,0,0,0,7,0,0,8
2003,"winter",13,0,0,0,0,0,0,1,0,0,0,0,0,19,0,0,0,3,705,0,0,0,0,0,0,0,0,0,0,0,0,0,0,0,0,0,0,6,0,0,23
2003,"winter",14,0,0,0,0,0,0,5,0,0,0,0,0,38,0,2,0,2,410,0,0,0,0,0,0,0,0,0,0,0,0,0,0,0,0,1,0,0,1,0,1
2003,"winter",15,0,0,0,0,0,0,4,0,8,0,0,0,12,0,5,0,17,782,0,0,0,0,1,0,18,0,0,0,0,0,0,0,0,0,0,0,27,0,0,14
2003,"winter",16,0,0,0,0,0,0,0,0,0,0,0,0,6,0,0,0,14,1191,0,0,0,0,0,0,0,0,0,0,0,0,0,0,0,0,0,0,0,0,0,15
2003,"winter",17,0,0,0,1,0,0,26,0,3,0,0,0,27,0,2,0,3,217,0,0,0,0,0,0,27,0,0,0,0,0,0,0,0,0,0,0,14,0,0,6
2003,"winter",18,0,0,0,0,0,0,23,0,1,0,0,0,6,0,1,0,5,947,0,0,0,1,0,0,8,0,0,0,0,0,0,0,0,0,0,0,110,0,0,4
2003,"winter",19,0,0,0,0,0,0,1,0,0,0,0,0,0,0,0,0,1,735,0,0,0,0,0,0,9,0,0,0,0,0,0,0,0,0,0,0,8,0,0,3
2003,"winter",20,0,0,0,0,0,0,1,0,0,1,0,0,10,0,0,0,0,821,0,0,0,0,0,0,2,0,0,0,0,0,0,0,0,0,0,0,0,0,0,3
2003,"winter",21,0,0,0,0,0,0,12,0,0,1,0,0,15,0,0,0,18,902,1,0,0,5,0,0,38,0,0,0,0,0,0,0,0,0,0,0,0,1,0,0
2003,"winter",22,0,0,0,0,0,0,0,0,0,0,0,0,2,0,0,0,3,510,0,0,0,1,0,0,0,0,0,0,0,0,0,0,0,0,0,0,1,0,0,31
2003,"winter",23,0,0,0,0,0,0,3,0,0,0,0,0,3,0,9,0,2,1089,12,0,0,1,0,0,27,0,0,0,0,0,0,0,0,0,0,0,0,0,0,0
2003,"winter",24,0,0,0,25,0,0,6,0,1,0,0,0,1,0,1,0,1,928,0,0,0,0,0,0,59,0,0,0,0,0,0,0,0,0,0,0,9,0,0,2
2004,"winter",1,0,0,3,10,0,0,0,0,1,3,0,0,10,0,10,0,23,814,0,0,1,6,0,0,0,0,0,0,1,1,0,3,0,0,1,20,5,12,0,28
2004,"winter",2,0,0,4,7,0,0,0,0,0,10,0,0,39,0,1,1,63,606,0,22,5,0,9,0,0,0,0,0,4,0,0,3,0,0,3,1,0,15,0,31
2004,"winter",3,0,0,0,17,0,1,1,0,2,1,0,0,9,0,1,0,25,810,1,0,0,1,1,0,3,0,0,0,2,1,0,0,0,0,1,0,9,0,0,1
2004,"winter",4,0,0,0,18,1,0,59,0,0,0,0,0,13,0,1,0,27,349,1,1,0,1,0,0,52,0,0,0,0,0,0,4,0,0,0,0,2,0,0,0
2004,"winter",5,0,0,0,1,1,0,2,0,0,0,0,0,0,0,1,0,11,108,0,0,0,2,0,0,0,0,0,0,0,0,0,2,0,0,0,0,0,0,0,1
2004,"winter",6,0,1,0,20,0,0,6,0,1,0,0,0,3,0,1,0,21,228,0,0,1,6,0,0,0,0,0,0,0,0,0,1,0,0,0,0,0,0,0,1
2004,"winter",7,0,0,0,59,0,0,0,0,0,1,0,0,13,0,0,0,8,1197,0,0,0,0,0,0,1,0,0,0,0,0,0,0,0,0,0,0,0,0,0,0
2004,"winter",8,0,0,0,10,0,0,1,0,0,2,0,0,25,0,2,0,46,809,0,0,1,1,0,0,0,0,0,0,0,0,0,1,0,0,0,0,0,0,0,6
2004,"winter",9,0,0,0,0,1,0,0,0,1,2,0,0,3,0,1,0,1,21,0,2,1,0,0,0,0,0,0,0,0,0,0,2,0,0,0,0,1,3,1,4
2004,"winter",10,0,0,0,0,0,0,0,0,0,0,0,0,2,0,0,0,5,1121,32,0,0,0,0,0,13,0,0,0,0,0,0,0,0,0,0,0,0,0,0,0
2004,"winter",11,0,0,1,3,0,0,39,0,1,2,0,0,9,0,1,0,36,366,0,0,0,0,0,0,24,0,0,0,0,0,0,2,0,0,1,0,6,0,0,2
2004,"winter",12,0,0,0,2,0,0,72,0,0,0,0,0,7,0,2,0,0,411,0,0,0,0,0,0,122,0,0,0,0,0,0,0,0,0,1,0,4,0,0,1
2004,"winter",13,0,0,0,29,0,0,3,0,0,0,0,0,4,0,3,0,16,1153,0,0,1,0,4,0,0,1,0,0,0,12,0,0,0,0,0,0,5,0,0,7
2004,"winter",14,0,0,0,5,0,0,36,0,0,2,0,0,15,0,1,0,4,196,0,0,0,0,0,4,21,0,0,0,0,0,0,3,0,0,2,0,0,1,0,0
2004,"winter",15,0,0,0,17,0,0,11,0,1,0,0,0,2,0,3,0,7,383,0,0,0,0,0,0,15,0,0,0,0,0,0,1,0,0,0,0,3,0,0,8
2004,"winter",16,0,0,0,55,0,1,3,0,0,0,0,0,10,0,0,0,6,1406,0,1,0,0,1,0,1,0,0,0,0,0,0,0,0,0,0,0,0,0,0,22
2004,"winter",17,0,0,0,79,0,0,44,0,1,5,0,0,14,0,3,0,17,180,0,0,0,0,1,0,65,1,0,0,0,0,0,2,0,0,1,0,6,0,0,2
2004,"winter",18,0,0,0,29,1,0,69,0,1,0,0,0,11,0,2,0,10,803,0,2,0,2,0,4,13,0,0,0,0,0,0,0,0,0,0,0,41,0,0,6
2004,"winter",19,0,0,0,6,0,0,4,0,0,0,0,0,4,0,0,0,1,802,0,1,0,1,2,0,14,3,0,0,0,0,0,1,0,0,0,0,10,0,0,0
2004,"winter",20,0,0,0,0,1,0,29,0,0,2,0,0,5,0,0,0,4,784,0,2,0,1,0,6,3,0,0,0,0,0,0,1,0,0,1,0,3,0,0,0
2004,"winter",21,0,0,0,1,0,0,19,0,0,0,0,0,2,0,0,0,10,1003,0,7,0,1,0,0,28,0,0,0,0,0,0,0,0,0,0,0,0,0,0,0
2004,"winter",22,0,0,1,2,0,0,3,0,1,3,0,0,8,0,0,0,20,1150,0,28,0,1,0,1,0,9,0,0,0,3,0,0,0,0,0,0,1,3,1,18
2004,"winter",23,0,0,0,44,0,0,7,0,0,0,0,0,24,0,0,0,1,968,4,3,0,0,0,0,28,0,0,0,0,0,0,1,0,0,0,0,1,0,0,0
2004,"winter",24,0,0,0,6,0,0,13,0,0,0,0,0,0,0,0,0,2,236,0,0,0,0,0,0,40,0,0,0,0,0,0,1,0,0,0,0,0,0,0,1
2005,"winter",1,0,3,1,13,0,0,1,0,3,6,0,0,46,0,7,0,212,736,0,0,2,37,0,0,0,19,0,0,0,13,0,0,0,0,1,50,3,19,0,182
2005,"winter",2,0,0,9,0,0,0,7,0,126,0,0,0,44,0,0,0,696,449,0,9,2,0,0,0,0,98,0,0,0,11,0,0,18,0,0,44,1,13,5,260
2005,"winter",3,0,0,0,116,0,0,14,0,14,0,0,0,33,0,6,0,278,603,0,0,0,2,0,0,6,57,0,0,0,5,0,1,1,0,0,0,21,0,0,2
2005,"winter",4,0,2,0,152,0,0,407,0,0,0,0,0,3,0,0,1,518,279,0,0,0,3,0,0,89,2,0,0,0,1,0,1,7,0,0,0,2,0,0,5
2005,"winter",5,0,1,1,390,0,0,20,0,2,0,0,0,21,0,5,0,1190,136,0,0,1,106,0,0,0,0,0,0,0,1,0,1,0,0,1,0,3,0,1,11
2005,"winter",6,0,6,0,122,1,0,105,0,1,0,0,0,39,0,0,0,561,261,0,0,0,80,0,0,1,7,0,0,0,10,0,1,0,0,3,0,0,3,6,68
2005,"winter",7,0,0,0,67,0,0,4,0,0,1,0,0,29,0,0,0,88,635,0,0,0,0,0,9,24,0,0,0,0,0,0,0,0,0,0,0,0,0,0,4
2005,"winter",8,0,0,0,28,0,0,14,0,0,5,0,0,38,0,8,0,243,641,0,0,2,5,0,0,4,103,0,0,0,0,0,1,0,0,0,2,0,0,0,50
2005,"winter",9,0,1,6,0,0,0,69,0,0,7,0,0,19,0,48,0,753,59,0,1,4,61,0,0,0,18,0,0,0,3,0,1,0,0,0,0,9,20,12,38
2005,"winter",10,0,0,0,178,0,0,18,0,0,1,0,0,8,0,2,0,152,708,5,0,0,0,0,0,43,22,0,0,0,0,0,0,0,0,0,0,0,0,0,6
2005,"winter",11,0,0,0,18,0,1,303,0,1,9,0,0,7,0,0,0,181,724,0,0,0,2,0,1,107,0,0,2,0,1,0,1,0,0,0,0,11,0,0,11
2005,"winter",12,0,1,5,33,0,1,372,0,23,4,0,0,19,0,3,0,31,268,0,0,0,26,0,5,308,14,0,0,0,1,0,0,1,0,0,0,5,0,1,11
2005,"winter",13,0,0,0,145,0,0,47,0,3,1,0,0,19,0,5,0,45,983,0,0,0,0,0,0,3,51,0,1,0,5,0,0,0,0,0,0,2,0,0,72
2005,"winter",14,0,0,0,39,0,0,232,0,0,12,0,0,45,0,23,0,220,268,0,0,0,11,0,7,34,0,0,1,0,0,0,3,0,0,3,0,0,8,3,1
2005,"winter",15,0,0,0,237,0,0,93,0,0,0,0,0,25,0,6,0,182,270,0,0,1,0,0,0,46,0,0,0,0,0,0,0,0,0,7,0,3,0,0,3
2005,"winter",16,0,1,0,159,0,0,15,0,1,0,0,0,19,0,0,0,211,566,0,1,0,0,0,0,12,3,0,0,0,0,0,1,0,0,0,0,33,0,0,41
2005,"winter",17,0,0,0,126,0,0,351,0,2,3,0,0,31,0,4,0,55,228,0,0,0,0,0,0,112,10,0,0,0,0,0,1,0,0,2,0,0,2,0,11
2005,"winter",18,0,0,0,18,0,1,261,0,0,0,0,0,25,0,5,0,140,416,0,1,0,6,0,20,21,10,0,0,0,0,0,0,0,0,1,0,106,1,0,13
2005,"winter",19,0,0,0,129,0,0,64,0,9,0,0,0,10,0,1,0,104,562,0,0,0,0,0,3,61,41,0,0,0,0,0,1,0,0,0,0,110,0,0,0
2005,"winter",20,0,0,0,120,0,0,379,0,3,8,0,0,8,0,38,0,164,370,0,4,1,5,0,14,39,13,0,0,0,2,0,1,0,0,0,2,0,0,0,8
2005,"winter",21,0,0,0,111,0,0,126,0,3,0,0,0,19,0,0,0,186,473,0,7,1,37,0,3,55,21,0,2,0,0,0,2,0,0,1,0,0,0,0,9
2005,"winter",22,0,1,0,5,0,0,41,0,0,9,0,0,60,0,18,0,320,587,1,16,9,1,0,2,0,71,0,1,0,9,0,1,0,0,0,0,2,5,1,99
2005,"winter",23,0,0,0,206,0,0,20,0,1,0,0,0,7,0,1,0,69,651,11,3,0,0,0,0,24,13,0,0,0,0,0,1,0,0,4,0,0,0,0,0
2005,"winter",24,0,0,0,90,0,1,105,0,2,3,0,0,14,0,1,0,78,241,0,0,0,2,0,2,88,0,0,0,0,1,0,4,0,0,1,0,0,0,0,48
2006,"winter",2,0,0,0,0,0,0,0,0,7,0,0,0,0,0,0,0,0,0,0,0,0,0,0,0,0,0,0,0,0,0,0,0,0,0,0,0,0,0,0,0
2007,"winter",1,0,0,0,5,0,0,0,0,0,0,0,0,4,0,4,4,2,635,0,0,1,1,0,0,0,0,0,0,0,0,1,0,0,0,0,0,4,8,0,14
2007,"winter",2,0,0,1,0,0,0,0,0,11,1,0,0,1,0,0,0,2,300,0,0,0,0,0,0,0,0,0,0,0,0,1,0,0,0,0,0,0,3,0,5
2007,"winter",3,0,0,0,72,0,0,0,0,1,0,0,0,0,0,0,0,0,438,0,0,0,0,1,0,1,0,0,0,0,0,0,0,0,0,0,0,3,0,0,0
2007,"winter",4,0,0,0,56,0,0,1,0,0,0,0,0,0,0,0,0,0,264,0,1,0,0,0,0,18,0,0,0,0,0,0,0,0,0,0,0,1,0,0,0
2007,"winter",5,0,0,1,67,5,0,0,0,0,0,1,0,0,0,0,0,4,318,0,0,0,0,0,0,1,0,0,1,0,0,0,0,0,0,0,0,0,0,0,0
2007,"winter",6,0,0,0,34,2,0,0,4,2,0,0,0,0,0,0,2,0,250,0,0,0,1,0,0,1,0,0,0,0,0,0,0,0,0,0,0,0,0,0,1
2007,"winter",7,0,0,0,67,0,0,0,0,0,0,0,0,0,0,0,0,0,424,0,0,0,0,0,1,1,0,0,0,0,0,0,0,0,0,0,0,1,1,0,0
2007,"winter",8,0,0,0,24,0,0,0,0,0,1,0,0,2,0,4,0,1,469,0,0,0,4,0,0,0,0,0,0,0,0,0,1,0,0,0,0,1,4,0,1
2007,"winter",9,0,0,0,3,0,0,1,0,1,0,0,0,0,0,9,5,0,59,0,0,0,15,0,0,0,0,0,0,0,0,0,0,0,0,0,0,0,16,0,24
2007,"winter",10,0,0,1,107,0,0,0,0,0,0,0,0,0,0,0,0,0,567,8,0,0,2,0,0,4,0,0,0,0,0,0,0,0,0,0,0,0,0,0,0
2007,"winter",11,0,0,0,14,0,0,0,0,0,0,0,0,1,0,2,0,0,262,0,0,0,0,0,0,6,0,0,0,0,0,0,0,0,0,0,0,2,1,0,0
2007,"winter",12,0,0,0,10,0,0,0,0,1,0,1,0,0,0,0,0,0,133,0,0,0,0,0,0,10,0,0,0,0,0,0,0,0,0,0,0,1,0,0,0
2007,"winter",13,0,0,0,86,0,0,1,0,1,1,0,0,0,0,1,0,0,450,0,0,0,0,0,0,0,0,0,0,0,0,0,0,0,0,0,0,8,0,0,1
2007,"winter",14,0,0,0,18,1,0,2,0,2,0,1,0,0,0,1,0,0,250,0,0,0,1,0,1,3,0,0,2,0,0,0,1,0,0,0,0,1,6,0,0
2007,"winter",15,0,0,0,150,0,0,0,0,3,0,0,0,1,0,0,0,0,256,0,0,0,0,0,0,16,0,0,0,0,0,0,0,0,0,0,0,12,0,0,0
2007,"winter",16,0,0,0,207,9,0,0,0,0,0,0,0,0,0,0,0,0,651,0,0,0,0,0,0,0,0,0,2,0,0,0,0,0,0,0,0,2,0,0,0
2007,"winter",17,0,0,0,100,0,0,0,0,0,0,0,0,1,0,1,0,0,254,0,0,0,0,0,0,20,0,0,1,0,0,0,0,0,0,0,0,0,1,0,0
2007,"winter",18,0,0,0,27,0,0,1,0,1,0,0,0,2,0,0,0,0,514,0,0,0,3,0,0,4,0,0,1,0,0,0,0,0,0,0,0,53,0,0,1
2007,"winter",19,0,0,0,116,0,0,0,0,0,0,1,0,0,0,0,0,0,512,0,0,0,2,0,0,9,0,0,0,0,0,0,0,0,0,0,0,8,0,0,0
2007,"winter",20,0,0,0,62,0,0,0,0,1,0,0,0,0,0,4,1,0,194,0,0,0,1,0,0,15,0,0,0,0,0,0,0,0,0,0,0,0,1,0,0
2007,"winter",21,0,0,0,124,1,0,0,0,0,0,0,0,2,0,0,0,0,579,0,0,0,0,0,0,7,0,0,0,0,0,0,0,0,0,0,0,0,0,0,0
2007,"winter",22,0,0,0,9,0,0,0,0,0,0,0,0,3,0,0,0,0,818,0,0,0,1,0,0,0,0,0,0,0,0,0,0,0,0,0,0,1,3,0,3
2007,"winter",23,0,0,0,258,0,0,0,0,0,0,0,0,0,0,0,1,0,437,5,0,0,0,0,0,2,0,0,0,0,0,0,0,0,0,0,0,1,0,0,0
2007,"winter",24,0,0,0,30,0,0,0,0,0,0,0,0,4,0,0,0,1,137,0,0,0,0,0,1,22,0,0,0,0,0,0,0,0,0,0,0,0,0,0,0
2008,"winter",1,0,0,0,7,0,0,0,0,12,1,0,0,1,0,1,7,6,390,0,0,0,6,0,0,0,0,0,0,0,0,0,1,0,0,0,0,2,11,0,12
2008,"winter",2,0,0,0,0,0,0,0,0,3,0,0,0,18,0,0,0,3,140,0,2,12,0,0,0,0,0,0,0,0,1,0,0,0,0,0,0,0,1,0,1
2008,"winter",3,0,0,0,35,0,0,0,0,0,0,0,0,18,0,1,0,2,462,0,0,4,2,0,0,2,0,0,0,0,0,0,0,0,0,0,0,15,0,0,0
2008,"winter",4,0,0,0,36,0,0,1,0,0,0,0,0,0,0,1,0,0,419,0,0,1,1,0,0,9,0,0,0,0,0,0,0,0,0,0,0,10,0,0,0
2008,"winter",5,0,1,0,49,0,0,0,0,0,0,0,0,0,0,0,0,6,181,0,0,2,2,0,0,0,0,0,0,0,0,0,0,0,0,0,0,2,0,0,1
2008,"winter",6,0,1,0,15,0,0,2,0,5,0,0,0,5,0,1,0,2,81,0,0,1,80,0,0,0,0,0,0,0,0,0,0,0,0,0,0,4,0,0,1
2008,"winter",7,0,0,0,49,0,0,0,0,0,0,0,0,2,12,0,0,2,488,0,0,0,1,0,0,2,0,0,0,0,0,0,0,0,0,0,0,3,1,0,0
2008,"winter",8,0,0,0,7,3,0,1,0,0,1,0,0,17,2,0,12,5,329,0,0,0,10,0,0,0,0,0,0,0,0,0,0,0,0,0,0,0,0,0,0
2008,"winter",9,0,0,0,4,0,0,1,0,0,1,0,0,0,0,9,22,0,31,0,1,0,197,0,0,0,0,0,0,0,0,0,0,0,0,0,0,3,5,0,2
2008,"winter",10,0,0,0,123,0,0,1,0,0,0,0,0,1,0,0,0,2,573,7,0,0,2,0,0,3,0,0,0,0,0,0,1,0,0,0,0,1,0,0,0
2008,"winter",11,0,0,0,2,0,0,5,0,0,2,0,0,25,0,4,0,1,312,0,0,0,0,0,0,4,0,0,0,0,0,0,0,0,0,0,0,7,0,0,0
2008,"winter",12,0,0,0,0,0,0,6,0,7,0,0,0,78,0,3,0,1,126,0,0,0,6,0,0,16,0,0,0,0,0,0,0,0,0,0,0,4,0,0,1
2008,"winter",13,0,0,0,48,2,0,1,0,0,0,2,0,0,0,0,0,7,375,0,0,0,0,0,0,3,0,0,0,0,0,0,0,0,0,0,0,20,0,0,0
2008,"winter",14,0,0,0,10,0,0,8,0,0,0,0,0,0,0,1,0,2,141,0,0,0,1,0,0,1,0,0,0,0,0,0,0,0,0,0,0,17,0,0,0
2008,"winter",15,0,0,0,87,0,0,3,4,0,0,0,0,0,0,0,0,5,191,0,0,0,0,0,0,3,0,0,0,0,0,0,0,0,0,0,0,1,0,0,0
2008,"winter",16,0,0,0,291,0,0,0,0,4,0,0,0,6,0,0,3,1,510,1,0,0,0,0,0,1,0,0,0,0,0,0,0,0,0,0,0,4,0,0,0
2008,"winter",17,0,0,0,50,0,0,8,0,0,0,0,0,3,0,0,0,0,135,0,0,0,15,0,2,12,0,0,0,0,0,0,0,0,0,0,0,1,0,0,0
2008,"winter",18,0,0,0,9,0,0,9,0,0,0,2,0,1,0,1,1,1,395,0,0,0,31,0,5,3,0,0,0,0,0,0,0,0,0,0,0,214,0,0,0
2008,"winter",19,0,0,0,63,0,0,8,0,0,0,0,0,8,0,1,0,2,308,0,0,0,9,0,0,0,0,0,0,0,0,0,0,0,0,0,0,58,0,0,0
2008,"winter",20,0,0,0,46,0,0,10,0,2,1,0,0,1,0,10,0,0,236,0,1,1,0,0,1,3,0,0,0,0,0,0,0,0,0,1,0,3,0,0,0
2008,"winter",21,0,0,0,66,0,0,6,0,0,0,0,0,34,0,0,3,2,449,0,0,0,3,0,0,26,0,0,0,0,0,0,0,0,0,0,0,0,0,0,0
2008,"winter",22,0,0,0,6,0,0,0,0,0,1,0,0,2,0,0,0,3,362,0,2,1,3,0,0,0,0,0,0,0,0,0,0,0,0,0,0,13,1,0,5
2008,"winter",23,0,0,0,153,0,0,5,0,0,0,0,0,4,0,0,0,2,382,8,0,0,2,0,0,16,0,0,0,0,0,0,0,0,0,0,0,28,0,0,0
2008,"winter",24,0,0,0,13,0,0,2,0,0,0,0,0,5,0,0,0,1,176,0,0,0,0,0,0,2,0,0,0,0,0,0,0,0,0,0,0,65,0,0,0
2009,"winter",1,0,0,0,0,0,0,0,0,0,0,0,0,0,0,0,0,0,2,0,0,0,0,0,0,0,0,0,0,0,0,0,0,0,0,0,0,0,0,0,0
2009,"winter",3,0,0,0,11,0,0,0,0,0,0,0,0,0,0,0,0,0,20,1,0,0,0,0,0,4,0,0,0,0,0,0,0,0,0,0,0,5,0,0,0
2009,"winter",6,0,0,0,0,0,0,0,0,0,0,0,0,1,0,0,0,0,0,0,0,0,0,0,0,1,0,0,0,0,0,0,0,0,0,0,0,0,0,0,0
2009,"winter",10,0,0,0,0,0,0,0,0,0,0,0,0,0,0,0,0,0,0,0,0,0,0,0,0,1,0,0,0,0,0,0,0,0,0,0,0,1,0,0,0
2009,"winter",12,0,0,0,1,0,0,0,0,0,0,0,0,0,0,0,0,0,0,0,0,0,0,0,0,1,0,0,0,0,0,0,0,0,0,0,0,0,0,0,0
2009,"winter",13,0,0,0,0,0,0,0,0,0,0,0,0,0,0,0,0,0,1,0,0,0,0,0,0,0,0,0,0,0,0,0,0,0,0,0,0,0,0,0,0
2009,"winter",16,0,0,0,1,0,0,0,0,0,0,0,0,0,0,0,0,0,1,0,0,0,0,0,0,0,0,0,0,0,0,0,0,0,0,0,0,0,0,0,0
2009,"winter",17,0,0,0,0,0,0,0,0,0,0,0,0,0,0,0,0,0,0,0,0,0,0,0,0,1,0,0,0,0,0,0,0,0,0,0,0,0,0,0,0
2009,"winter",20,0,0,0,0,0,0,0,0,0,0,0,0,0,0,1,0,0,1,0,0,0,0,0,0,0,0,0,0,0,0,0,0,0,0,0,0,0,0,0,0
2009,"winter",21,0,0,0,3,0,0,0,0,0,0,0,0,0,0,0,0,0,4,0,0,0,0,0,0,1,0,0,0,0,0,0,0,0,0,0,0,0,0,0,0
2011,"winter",9,0,0,0,0,1,0,0,0,0,0,0,0,0,0,0,0,0,0,0,0,0,0,0,0,0,0,0,0,0,0,0,0,0,0,0,0,0,0,0,0
2012,"winter",1,0,0,0,82,0,0,1,0,0,2,0,5,37,2,1,0,0,162,0,1,2,0,0,6,0,9,0,0,2,0,0,0,0,5,13,5,5,17,0,0
2012,"winter",2,0,0,0,5,0,0,0,0,0,4,0,8,52,0,3,0,0,64,0,9,5,0,1,0,0,14,0,0,0,0,0,2,0,1,43,0,1,33,0,0
2012,"winter",3,0,0,0,369,0,0,2,0,0,0,0,0,5,0,0,0,0,141,0,0,0,0,2,0,7,6,0,0,0,0,0,4,0,0,21,0,2,0,0,0
2012,"winter",4,0,0,0,367,0,0,36,0,0,0,0,1,3,0,0,0,0,133,0,0,0,0,0,0,41,0,0,1,0,0,0,2,0,3,2,0,2,0,0,0
2012,"winter",5,0,0,0,407,0,0,0,0,0,0,0,0,0,0,0,0,0,70,0,0,0,0,0,0,24,0,0,2,2,0,0,6,0,0,14,0,0,0,0,1
2012,"winter",6,0,0,0,252,0,0,9,0,0,0,0,11,21,0,7,0,0,63,0,0,18,0,0,0,13,1,0,2,3,0,0,3,0,1,37,0,2,1,0,4
2012,"winter",7,0,0,0,1037,0,0,0,0,0,0,0,0,10,0,0,0,0,89,0,0,0,0,0,105,126,0,0,0,1,0,0,0,0,2,3,0,2,0,0,0
2012,"winter",8,1,0,0,356,0,0,2,0,1,1,0,8,23,0,15,0,0,102,0,0,2,0,0,1,0,29,0,0,1,0,0,1,0,0,4,0,1,1,0,0
2012,"winter",9,2,0,0,14,0,0,2,0,0,7,0,1,13,1,25,0,0,9,0,4,4,0,2,1,0,12,0,0,0,2,0,0,0,0,2,0,2,6,0,2
2012,"winter",10,0,0,0,247,0,0,1,0,0,0,0,0,0,0,0,0,0,166,0,1,0,0,0,0,12,2,0,0,0,0,0,0,0,0,2,0,0,0,0,0
2012,"winter",11,2,0,0,199,0,0,27,0,1,1,0,0,10,0,1,0,0,89,0,0,0,0,0,0,33,1,0,0,0,0,0,1,0,0,32,0,3,0,0,0
2012,"winter",12,2,0,0,153,0,0,59,0,0,0,0,0,29,0,2,0,0,108,0,1,0,0,3,4,136,0,0,0,0,0,0,2,0,0,26,0,2,0,0,0
2012,"winter",13,0,0,0,691,0,0,12,0,0,0,0,1,14,0,2,0,0,76,0,1,1,0,3,0,1,24,0,0,2,0,0,2,0,0,21,0,4,0,0,0
2012,"winter",14,0,0,0,134,0,0,21,0,1,0,0,1,9,0,1,0,0,33,0,1,0,0,47,6,3,1,0,4,0,1,0,1,0,0,51,1,1,5,0,0
2012,"winter",15,0,0,0,317,0,0,6,0,0,0,0,0,15,0,1,0,0,64,0,6,0,0,2,0,28,0,0,2,0,0,0,1,0,0,36,0,59,2,0,0
2012,"winter",16,0,0,0,767,0,0,1,0,0,0,0,1,4,0,1,0,0,203,0,2,0,0,3,0,2,0,0,0,0,0,0,0,0,0,4,0,5,1,0,0
2012,"winter",17,0,0,0,435,0,0,40,0,0,0,0,4,5,0,1,0,0,55,0,0,0,0,4,0,97,1,0,0,0,0,0,2,0,0,2,0,1,0,0,0
2012,"winter",18,1,0,0,216,0,0,108,0,0,0,0,0,12,0,28,0,0,124,0,1,0,0,19,23,22,2,0,0,0,0,0,0,0,0,10,0,31,0,0,0
2012,"winter",19,0,0,0,255,0,0,55,0,0,0,0,0,20,0,0,0,0,88,0,1,0,0,1,6,33,7,0,0,0,0,0,0,0,0,6,0,24,0,0,0
2012,"winter",20,0,0,0,390,0,0,5,0,0,0,0,1,5,0,0,0,0,188,0,8,0,0,0,2,2,5,0,0,0,0,0,2,0,0,10,0,4,1,0,0
2012,"winter",21,0,0,0,394,0,0,0,0,0,0,0,3,22,0,0,0,0,211,0,14,0,0,0,2,34,8,0,0,0,0,0,1,0,0,12,0,0,0,0,0
2012,"winter",22,0,0,0,204,0,0,0,0,1,0,0,11,22,1,0,0,0,255,0,84,0,0,0,3,0,10,0,1,0,0,0,0,0,2,19,0,1,6,0,1
2012,"winter",23,0,0,0,827,0,0,10,0,0,0,0,23,66,0,0,0,0,178,0,6,0,0,0,0,30,8,0,0,0,0,0,0,0,1,1,0,8,4,0,0
2012,"winter",24,0,0,0,74,0,0,26,0,0,0,0,3,13,0,1,0,0,42,0,0,0,0,0,0,42,0,0,0,0,0,0,2,0,0,13,0,15,0,0,0
2013,"winter",1,0,0,0,0,0,0,0,0,0,0,0,0,0,0,0,0,0,27,0,0,0,0,0,2,0,0,0,0,0,0,0,0,0,0,0,0,0,0,0,0
2013,"winter",2,0,0,0,1,0,0,1,0,0,0,0,0,0,0,0,0,0,9,0,0,0,0,0,0,0,0,0,0,0,0,0,0,0,0,0,0,0,0,0,0
2013,"winter",3,0,0,0,0,0,0,3,0,0,0,0,0,0,0,0,0,0,13,0,0,0,0,0,0,0,0,0,0,0,0,0,0,0,0,0,0,0,0,0,0
2013,"winter",4,0,0,0,0,0,0,1,0,0,0,0,0,0,0,0,0,0,1,0,0,0,0,0,0,0,0,0,0,0,0,0,0,0,0,0,0,0,0,0,0
2013,"winter",6,0,0,0,0,0,0,16,0,0,0,0,0,0,0,0,0,0,0,0,0,0,0,0,0,0,0,0,0,0,0,0,0,0,2,0,0,0,0,0,0
2013,"winter",7,0,0,0,0,0,0,1,0,0,0,0,0,0,0,0,0,0,1,0,0,0,0,0,0,0,0,0,0,0,0,0,0,0,0,0,0,1,0,0,0
2013,"winter",8,0,0,0,2,0,0,2,0,0,0,0,0,1,0,0,0,0,10,0,0,0,0,0,1,0,0,0,0,0,0,0,0,0,0,0,0,0,0,0,0
2013,"winter",9,0,0,0,4,1,0,2,0,0,0,0,0,0,0,0,0,0,0,0,0,0,0,0,0,0,0,0,0,2,0,0,0,0,0,0,0,0,0,0,0
2013,"winter",10,0,0,0,4,0,0,6,0,0,0,0,0,0,0,0,0,0,29,0,0,0,1,0,0,3,0,0,0,0,0,0,0,0,0,0,0,0,0,0,0
2013,"winter",12,0,0,0,0,0,0,1,0,0,0,0,0,0,0,0,0,0,0,0,0,0,0,0,0,0,0,0,0,0,0,0,0,0,0,0,0,0,0,0,0
2013,"winter",13,0,0,0,0,0,0,0,0,0,0,0,0,0,0,0,0,0,7,0,0,0,0,0,0,0,0,0,0,0,0,0,0,0,1,0,0,0,0,0,0
2013,"winter",14,0,0,0,1,0,0,6,0,0,0,0,0,0,0,0,0,0,0,0,0,0,0,0,0,0,0,0,0,0,0,0,0,0,0,0,0,0,0,0,0
2013,"winter",16,0,0,0,49,0,0,5,0,0,0,0,0,4,0,0,0,0,28,0,0,0,0,0,0,0,0,0,0,0,0,0,0,0,2,0,0,0,0,0,0
2013,"winter",17,0,0,0,6,0,0,2,0,0,2,0,0,0,0,0,0,0,0,0,0,0,0,0,0,62,0,0,0,0,0,0,0,1,0,0,0,0,0,0,0
2013,"winter",18,0,0,0,2,0,0,68,0,0,1,0,0,0,0,0,0,0,8,0,0,0,2,0,0,0,0,0,0,0,0,0,0,0,0,0,0,0,0,0,0
2013,"winter",19,0,0,0,0,0,0,15,0,0,0,0,0,0,0,0,0,0,4,0,0,0,0,0,0,0,0,0,0,0,0,0,0,0,0,0,0,0,0,0,0
2013,"winter",20,0,0,0,10,0,0,10,0,0,0,0,0,0,0,0,0,0,35,0,1,0,0,0,0,0,0,0,0,0,0,0,0,0,4,0,0,0,0,0,0
2013,"winter",21,0,0,0,25,0,0,30,0,0,0,0,0,1,0,0,0,0,56,0,0,0,0,0,0,32,0,0,0,0,0,0,0,0,0,0,0,0,0,0,0
2013,"winter",22,0,0,0,10,0,0,5,0,0,0,0,0,1,0,0,0,0,70,0,1,0,0,0,0,0,0,0,0,0,0,0,0,0,1,2,0,0,0,0,0
2013,"winter",23,0,0,0,2,0,0,19,0,0,0,0,0,0,0,0,0,0,90,0,0,0,0,0,0,8,0,0,0,0,0,0,0,0,0,1,0,0,0,0,0
2013,"winter",24,0,0,0,0,0,0,1,0,0,0,0,0,0,0,0,0,0,0,0,0,0,0,0,0,0,0,0,0,0,0,0,0,0,0,0,0,0,0,0,0
2014,"winter",1,0,0,1,24,0,0,0,0,0,4,0,1,42,0,6,0,0,23,0,1,1,0,0,12,0,19,0,0,0,0,0,0,0,8,43,2,0,15,0,0
2014,"winter",2,0,0,0,1,0,0,0,0,0,3,0,1,81,0,2,0,0,7,0,15,5,0,0,0,0,33,0,0,0,0,0,0,0,1,58,0,2,14,0,0
2014,"winter",3,0,0,0,40,0,0,2,0,0,0,0,0,16,0,0,0,0,77,0,0,0,0,0,0,6,5,0,0,0,0,0,0,0,1,2,0,1,1,0,0
2014,"winter",4,0,0,0,100,0,0,51,0,0,0,0,0,2,0,0,0,0,29,0,0,0,0,0,0,70,0,0,0,0,0,0,1,0,2,0,0,0,0,0,0
2014,"winter",5,0,0,0,154,0,0,0,0,0,0,0,0,1,0,0,0,0,36,0,0,0,0,0,0,22,0,0,0,1,0,0,0,0,0,3,0,0,1,0,0
2014,"winter",6,0,0,0,23,0,0,17,0,0,0,0,0,26,0,3,0,0,9,0,0,0,0,0,0,12,0,0,0,0,0,0,0,0,1,18,0,0,1,0,0
2014,"winter",7,0,0,0,121,0,0,2,0,0,0,0,0,3,0,0,0,0,20,0,0,0,0,0,12,94,1,0,0,0,0,0,0,0,0,3,0,0,0,0,0
2014,"winter",8,0,0,0,64,0,0,1,0,0,1,0,0,68,0,22,0,0,22,0,0,0,0,0,0,0,4,0,0,0,0,0,4,0,1,3,0,0,0,0,0
2014,"winter",9,0,0,0,3,0,0,15,0,0,17,0,0,29,0,32,0,0,2,0,5,1,0,1,0,0,24,0,0,3,0,0,0,0,0,3,0,1,3,0,0
2014,"winter",10,0,0,0,192,0,0,3,0,0,0,0,0,2,0,0,0,0,76,0,0,0,0,0,0,89,1,0,0,1,0,0,0,0,0,3,0,1,1,0,0
2014,"winter",11,0,0,0,17,0,0,20,0,0,0,0,0,7,0,2,0,0,5,0,0,0,0,0,0,15,1,0,0,1,0,0,0,0,0,28,0,1,0,0,0
2014,"winter",12,0,0,0,8,0,0,49,0,0,0,0,0,21,0,1,0,0,8,0,0,0,0,0,0,34,0,0,0,0,0,0,1,0,0,22,0,1,0,0,0
2014,"winter",13,0,0,0,133,0,0,28,0,0,0,0,0,45,0,3,0,0,55,0,0,0,0,0,0,0,17,0,0,0,0,0,0,0,0,24,0,0,0,0,0
2014,"winter",14,0,0,0,63,0,0,33,0,0,0,0,0,6,0,0,0,0,4,0,1,0,0,0,14,0,1,0,3,1,0,0,1,0,0,87,0,1,0,0,0
2014,"winter",15,0,0,0,0,0,0,2,0,0,0,0,0,0,0,0,0,0,3,0,0,0,0,0,0,1,0,0,0,0,0,0,0,0,0,4,0,3,0,0,0
2014,"winter",16,0,0,0,485,0,0,1,0,0,0,0,0,6,0,0,0,0,55,0,2,0,0,0,1,0,0,0,0,1,0,0,0,0,1,1,0,1,0,0,0
2014,"winter",17,0,0,0,41,0,0,143,0,0,0,0,0,12,0,0,0,0,11,0,0,0,0,0,1,44,2,0,0,0,0,0,0,0,0,2,0,0,0,0,0
2014,"winter",18,0,0,0,51,0,0,88,0,0,0,0,0,8,0,9,0,0,32,0,0,0,0,0,18,3,0,0,1,0,0,0,0,1,0,8,0,3,0,0,0
2014,"winter",19,0,0,0,24,0,0,53,0,0,0,0,0,13,0,2,0,0,27,0,0,0,0,0,4,11,4,0,0,0,0,0,0,0,0,7,0,3,0,0,0
2014,"winter",20,0,0,0,95,0,0,33,0,0,0,0,1,7,0,2,0,0,48,0,8,0,0,0,6,6,6,0,0,1,0,0,0,0,1,1,0,1,1,0,0
2014,"winter",21,0,0,0,93,0,0,11,0,0,0,0,0,80,0,1,0,0,46,0,17,0,0,0,0,118,22,0,0,1,0,0,1,0,0,10,0,0,0,0,0
2014,"winter",22,0,0,0,130,0,0,8,0,0,0,0,0,17,0,7,0,0,89,0,62,0,0,1,23,0,32,0,0,0,0,0,0,0,4,9,0,0,3,0,1
2014,"winter",23,0,0,0,292,0,0,17,0,0,0,0,0,5,0,1,0,0,70,0,1,0,0,0,0,32,8,0,0,0,0,0,0,0,1,3,0,5,0,0,0
2014,"winter",24,0,0,0,4,0,0,9,0,0,0,0,0,15,0,4,0,0,13,0,0,0,0,0,0,16,0,0,0,0,0,0,0,0,0,5,0,1,0,0,0
2015,"winter",1,0,0,2,36,0,0,0,0,1,0,0,5,59,0,1,4,0,16,0,0,0,0,23,43,0,2,4,0,0,0,11,0,0,0,32,6,1,43,0,0
2015,"winter",2,0,0,0,2,0,0,2,0,0,17,0,2,62,0,4,0,0,2,0,0,1,0,4,0,0,3,11,0,0,0,13,2,0,0,17,0,0,13,0,0
2015,"winter",3,0,0,0,64,0,0,1,0,1,0,0,7,15,0,0,0,1,66,0,0,0,0,0,7,43,1,0,0,0,0,0,5,0,0,0,0,13,0,0,0
2015,"winter",4,0,2,0,75,0,0,80,0,0,0,0,0,0,0,0,0,2,8,0,0,0,0,0,0,39,0,0,0,0,0,0,2,0,2,2,0,4,0,0,0
2015,"winter",5,0,0,0,85,0,0,3,0,0,0,0,0,11,0,0,0,0,16,0,0,0,0,0,0,27,0,0,0,0,0,0,6,0,0,1,0,0,11,0,0
2015,"winter",6,0,0,1,54,0,0,11,0,4,0,0,0,9,0,2,1,0,15,1,0,0,0,0,1,18,0,0,0,0,0,0,8,0,0,3,0,2,0,0,0
2015,"winter",7,0,0,0,139,0,0,0,0,0,0,0,0,11,0,0,0,3,67,0,0,0,0,0,52,53,0,0,0,0,0,0,1,0,0,0,0,0,0,0,0
2015,"winter",8,0,0,0,54,0,0,7,0,0,0,0,0,45,0,30,3,15,9,0,0,0,0,0,1,0,1,2,0,0,1,0,2,0,3,11,0,3,3,0,0
2015,"winter",9,0,0,1,10,0,0,2,0,0,7,0,0,17,0,15,3,3,0,0,1,1,0,2,2,0,13,1,0,0,0,0,1,0,0,0,0,5,7,0,0
2015,"winter",10,1,0,0,92,0,0,3,0,0,0,0,0,2,0,0,0,26,63,0,0,0,0,0,0,40,0,0,2,0,0,0,4,0,0,0,0,3,0,0,0
2015,"winter",11,0,0,0,44,0,0,4,0,0,0,0,0,13,0,2,0,5,8,0,0,0,0,0,0,41,0,0,0,0,0,0,1,0,0,6,0,2,0,0,0
2015,"winter",12,0,0,0,13,0,0,14,0,0,0,0,0,13,0,3,0,0,0,0,0,0,0,0,4,85,0,0,0,0,0,0,2,0,0,15,0,2,0,0,0
2015,"winter",13,0,0,1,71,2,0,6,0,0,0,0,5,24,0,10,0,104,32,0,0,0,0,0,5,0,0,0,0,0,0,0,5,0,0,3,0,2,0,0,0
2015,"winter",14,0,0,0,26,2,0,32,0,0,0,0,1,8,0,1,0,0,0,0,0,0,0,0,24,5,0,0,3,0,0,0,2,0,0,21,0,0,0,0,0
2015,"winter",15,0,0,0,56,1,0,0,0,0,0,0,0,2,0,0,0,22,5,0,0,0,0,0,0,33,0,0,0,0,0,0,3,0,0,1,0,1,0,0,0
2015,"winter",16,0,0,0,82,0,0,5,0,0,0,0,1,6,0,0,2,43,29,0,0,0,0,0,2,1,0,0,0,0,0,0,2,0,0,3,0,12,1,0,0
2015,"winter",17,0,0,0,23,0,0,8,0,0,0,0,4,14,0,3,0,2,3,0,0,0,0,0,1,47,2,0,0,0,0,0,1,0,0,0,0,0,0,0,0
2015,"winter",18,0,0,0,12,0,0,10,0,0,0,0,0,5,0,9,1,0,8,0,0,0,0,0,5,14,0,0,0,0,0,0,0,0,0,0,0,5,0,0,0
2015,"winter",19,0,0,0,23,0,0,15,0,0,0,0,0,2,0,2,0,0,17,0,0,0,0,0,3,46,1,0,0,0,0,0,1,0,0,3,0,7,0,0,0
2015,"winter",20,2,0,0,61,0,0,15,0,0,0,0,0,13,0,1,0,2,17,0,2,0,0,0,4,9,0,0,0,0,0,0,1,0,3,0,0,0,3,0,0
2015,"winter",21,0,0,0,46,0,0,17,0,0,0,0,0,19,0,4,0,23,6,0,14,0,0,0,3,78,0,0,1,0,0,0,3,0,0,0,0,0,2,0,0
2015,"winter",22,0,0,0,18,0,0,8,0,1,0,0,0,38,0,19,1,144,9,0,10,0,0,0,41,1,10,0,0,0,0,0,1,0,0,4,0,1,0,0,1
2015,"winter",23,0,0,0,96,0,0,8,0,0,0,0,0,9,0,6,0,0,29,0,0,0,0,0,0,54,3,0,0,0,0,0,0,0,0,1,0,36,0,0,0
2015,"winter",24,0,0,1,46,1,0,2,0,2,0,0,0,9,0,1,0,0,16,0,0,0,0,0,1,58,0,0,0,0,0,0,0,0,0,1,0,6,0,0,0
2016,"winter",1,0,0,0,1,0,0,0,0,0,0,0,0,4,0,0,0,16,4,0,0,0,0,0,8,0,0,0,0,0,0,0,0,0,0,2,1,0,3,0,0
2016,"winter",2,0,0,0,0,0,0,0,0,0,0,0,0,0,0,1,0,14,0,0,0,0,0,0,0,0,0,0,0,0,0,0,0,0,0,1,0,0,2,0,0
2016,"winter",3,0,0,0,1,0,0,4,33,0,0,0,0,1,0,0,0,16,8,0,0,0,0,0,0,119,0,0,0,0,0,0,1,0,0,0,0,3,0,0,0
2016,"winter",4,0,0,0,0,1,0,0,7,0,0,0,0,0,0,0,0,6,0,0,0,0,0,0,0,16,0,0,0,0,0,0,0,0,0,0,0,0,0,0,0
2016,"winter",5,0,0,0,0,1,0,0,2,0,0,0,0,0,0,0,0,1,0,0,0,0,0,0,0,21,0,0,0,0,0,0,1,0,0,0,0,0,0,0,0
2016,"winter",6,0,0,0,0,0,0,1,11,0,0,0,0,9,0,1,0,0,1,0,0,0,0,0,0,0,0,0,0,0,0,0,0,0,0,0,0,0,0,0,0
2016,"winter",7,0,0,0,0,0,0,0,6,0,0,0,0,1,0,0,0,2,0,0,0,0,0,0,0,2,0,0,0,0,0,0,0,0,0,0,0,0,0,0,0
2016,"winter",8,0,0,0,0,0,0,0,9,0,0,0,0,3,0,9,0,3,0,0,0,0,0,0,0,0,0,0,0,0,0,0,0,0,0,3,0,7,0,0,0
2016,"winter",9,0,0,0,0,0,0,0,1,0,0,0,0,1,0,0,0,1,1,0,0,0,0,0,0,0,0,0,0,0,0,0,0,0,0,0,0,5,1,0,0
2016,"winter",10,3,0,0,1,0,0,0,6,0,0,0,0,0,0,0,0,9,3,0,0,0,0,0,0,41,0,0,0,0,0,0,0,0,0,0,0,4,0,0,0
2016,"winter",11,0,0,0,0,1,0,0,0,0,0,0,0,0,0,3,0,0,0,0,0,0,0,0,0,3,0,0,0,0,0,0,0,0,0,0,0,1,0,0,0
2016,"winter",12,0,0,0,0,0,0,3,0,0,0,0,0,0,0,0,0,0,0,0,0,0,0,0,0,136,0,0,0,0,0,0,0,0,0,1,0,0,0,0,0
2016,"winter",13,0,0,0,1,0,0,0,1,0,0,0,0,0,0,0,0,0,3,0,0,0,0,0,4,1,0,0,0,0,0,0,0,0,0,0,0,0,0,0,0
2016,"winter",14,0,0,0,2,0,0,0,0,0,1,0,0,7,0,0,0,0,0,0,0,0,0,0,11,4,0,0,1,0,0,0,0,0,0,0,0,0,2,0,0
2016,"winter",15,0,0,0,0,0,0,0,0,0,0,0,0,0,0,0,0,0,0,0,0,0,0,0,0,18,0,0,0,0,0,0,0,0,0,0,0,0,0,0,0
2016,"winter",16,0,0,0,1,0,0,6,6,0,0,0,0,0,0,0,0,12,0,0,0,0,0,0,2,5,0,0,0,0,0,0,0,0,0,0,0,2,0,0,0
2016,"winter",17,0,0,0,0,0,0,1,0,0,0,0,0,1,0,0,0,0,0,0,0,0,0,0,0,14,0,0,0,0,0,0,0,0,0,0,0,0,0,0,0
2016,"winter",18,0,0,0,1,0,0,1,0,0,0,0,0,1,0,1,0,0,0,0,0,0,0,0,2,19,0,0,1,0,0,0,0,0,0,0,0,44,0,0,0
2016,"winter",19,0,0,0,0,0,0,1,0,0,0,0,0,0,0,0,0,0,0,0,0,0,0,0,0,63,0,0,0,0,0,0,0,0,0,0,0,11,0,0,0
2016,"winter",20,2,0,0,0,0,0,3,0,0,0,0,0,0,0,1,0,7,0,0,0,0,0,0,1,34,0,0,0,0,0,0,0,0,0,0,0,4,1,0,0
2016,"winter",21,0,0,0,0,0,0,3,2,0,0,0,0,3,0,0,0,2,0,0,0,0,0,0,1,111,0,0,0,0,0,0,0,0,0,0,0,0,0,0,0
2016,"winter",22,0,0,0,1,0,0,2,0,0,0,0,0,8,0,3,0,16,0,0,2,0,0,0,1,0,0,0,0,0,0,0,0,0,0,1,0,1,1,0,0
2016,"winter",23,0,0,0,0,0,0,6,0,0,0,0,0,0,0,0,0,0,0,0,0,0,0,0,0,98,0,0,0,0,0,0,0,0,0,0,0,24,0,0,0
2016,"winter",24,3,0,0,0,0,0,0,0,0,0,0,0,2,0,0,0,0,0,0,0,0,0,0,0,2,0,0,0,0,0,0,0,0,0,0,0,0,0,0,0
2017,"winter",1,0,0,3,16,0,0,0,11,1,1,0,0,42,0,4,0,1342,66,0,0,0,0,0,25,0,1,2,0,0,0,0,0,0,0,100,4,2,109,0,0
2017,"winter",2,0,0,0,0,0,0,2,0,1,2,0,0,64,0,2,0,166,8,0,3,0,0,5,9,5,9,0,0,0,0,0,0,0,0,43,0,1,56,0,0
2017,"winter",3,0,0,0,108,0,0,5,111,0,3,0,0,17,0,0,1,125,173,1,1,0,0,2,14,111,6,0,0,0,0,0,2,0,0,13,0,50,5,0,0
2017,"winter",4,0,0,0,81,0,0,30,96,0,0,0,0,1,0,1,0,46,7,0,0,0,0,0,0,153,0,0,0,0,0,0,2,0,0,0,0,11,2,0,0
2017,"winter",5,0,0,0,144,0,0,0,9,0,0,0,0,20,0,1,0,6,16,0,0,0,0,0,0,157,0,0,1,1,0,0,2,0,0,9,0,0,14,0,0
2017,"winter",6,0,0,0,56,0,0,7,130,1,0,0,0,28,0,0,1,20,47,0,0,0,0,2,3,26,2,0,0,1,0,0,5,0,0,8,0,2,0,0,0
2017,"winter",7,0,0,0,48,0,0,0,94,0,0,0,0,26,0,0,0,47,53,0,0,0,0,0,27,22,0,0,0,0,0,0,0,0,0,5,0,0,0,0,0
2017,"winter",8,0,0,1,29,0,0,2,74,0,1,0,0,29,0,61,1,129,9,0,0,0,0,0,3,5,4,0,0,0,0,0,2,0,0,12,0,0,10,0,0
2017,"winter",9,0,0,3,16,0,0,0,23,0,8,0,0,8,0,26,1,10,0,0,0,0,0,0,0,1,4,0,0,4,0,0,0,0,0,1,0,14,2,0,0
2017,"winter",10,0,1,0,176,0,0,0,27,0,0,0,0,1,0,2,1,121,270,0,0,0,0,0,0,67,0,0,1,1,0,0,0,0,0,6,0,4,2,0,0
2017,"winter",11,0,0,0,19,0,0,5,0,0,0,0,0,15,0,7,0,3,10,0,0,0,0,0,0,80,0,0,1,0,0,0,1,0,0,42,0,10,1,0,0
2017,"winter",12,0,0,1,6,0,0,7,0,1,0,0,0,9,0,7,1,7,6,0,0,0,0,0,0,161,0,0,0,1,0,0,1,0,0,25,0,3,1,0,0
2017,"winter",13,0,0,0,49,0,0,8,48,0,0,0,0,51,0,0,0,44,38,0,0,0,0,0,6,6,5,0,0,0,0,0,0,0,0,7,0,2,1,0,0
2017,"winter",14,0,0,1,43,0,1,7,1,3,0,0,0,18,0,1,0,7,2,0,0,0,0,0,13,11,1,0,1,1,0,0,3,0,0,39,0,0,2,0,0
2017,"winter",15,0,0,0,19,0,0,2,3,0,0,0,0,4,1,2,1,9,9,0,1,0,0,0,0,21,0,0,0,0,0,0,1,0,0,4,0,0,0,0,0
2017,"winter",16,0,2,0,94,0,0,0,38,0,0,0,0,23,0,0,0,111,158,0,5,0,0,1,9,20,0,0,0,0,0,0,1,0,0,7,0,23,2,0,0
2017,"winter",17,0,0,0,22,0,0,34,3,0,0,0,0,38,0,1,0,10,2,0,0,0,0,0,0,62,0,0,0,0,0,0,0,0,0,6,0,1,0,0,0
2017,"winter",18,0,0,0,13,0,0,7,0,0,0,0,0,5,0,10,0,2,12,0,0,0,0,0,16,76,1,0,0,0,0,0,0,0,0,8,0,49,0,0,0
2017,"winter",19,0,0,4,40,0,0,3,1,0,0,0,0,0,0,0,0,0,28,0,0,0,0,0,1,106,0,0,0,0,0,0,0,0,0,6,0,19,0,0,0
2017,"winter",20,4,0,1,74,0,0,9,0,0,0,0,0,31,0,5,2,7,31,0,1,0,0,0,2,19,1,0,0,0,0,0,0,0,2,3,0,2,10,0,0
2017,"winter",21,0,0,0,80,0,0,9,4,1,0,0,0,5,0,0,4,51,31,0,21,0,0,0,9,185,5,0,0,0,1,0,2,0,0,3,0,1,0,0,0
2017,"winter",22,0,0,1,97,0,3,3,1,0,0,0,0,32,0,23,1,231,35,0,28,0,0,0,16,0,27,0,0,1,1,0,0,0,2,14,0,21,9,0,0
2017,"winter",23,0,0,0,216,0,0,2,4,0,0,0,0,0,0,0,0,0,104,0,2,0,0,0,0,173,0,0,0,0,0,0,3,0,0,4,0,55,0,0,0
2017,"winter",24,8,0,0,53,0,0,4,0,0,0,0,0,13,0,1,0,0,8,0,0,0,0,0,0,58,0,1,0,0,0,0,1,0,0,8,0,2,0,0,0
2018,"winter",1,0,0,7,8,0,0,0,13,0,1,0,0,15,0,10,0,119,76,0,0,0,0,0,74,13,4,0,0,0,0,0,0,0,0,4,1,4,25,0,0
2018,"winter",2,0,0,0,2,0,0,0,0,0,2,0,0,33,0,8,0,45,5,0,1,0,0,0,3,4,1,0,0,0,0,0,0,0,0,4,0,1,52,0,0
2018,"winter",3,0,0,0,10,0,0,7,100,0,0,0,0,3,0,0,0,23,205,0,0,0,0,0,24,46,0,0,0,0,0,0,1,0,14,2,0,42,0,0,0
2018,"winter",4,0,0,0,5,0,0,9,18,0,0,0,0,0,0,1,0,16,2,0,0,0,0,1,1,110,0,0,0,0,0,0,0,0,0,0,0,12,0,0,0
2018,"winter",5,0,0,0,11,0,0,1,9,0,0,0,0,1,0,0,0,1,8,0,0,0,0,0,1,42,0,0,0,0,0,0,2,0,0,0,0,1,0,0,0
2018,"winter",6,0,0,0,1,0,0,3,5,0,0,0,0,0,0,0,0,1,2,0,0,0,0,0,0,3,0,0,0,0,0,0,0,0,0,0,0,2,0,0,0
2018,"winter",7,0,0,0,18,0,0,0,4,0,0,0,0,3,0,0,0,25,9,0,0,0,0,0,162,29,0,0,0,0,0,0,0,0,0,0,0,0,0,0,0
2018,"winter",8,0,0,5,2,0,0,0,129,0,0,0,0,15,0,60,0,42,29,0,0,0,0,0,13,2,0,0,0,0,0,0,1,0,0,0,0,2,3,0,0
2018,"winter",9,0,0,4,14,0,0,0,11,0,0,0,0,0,0,57,0,1,0,0,0,0,0,0,3,0,0,0,0,0,0,0,0,0,0,0,0,16,0,0,0
2018,"winter",10,4,0,0,8,0,0,0,2,0,0,0,0,0,0,0,0,4,161,0,0,0,0,0,0,18,0,0,0,0,0,0,0,0,0,0,0,5,0,0,0
2018,"winter",11,0,0,0,2,0,0,2,1,0,0,0,0,6,0,7,0,0,2,0,0,0,0,0,1,12,0,0,0,0,0,0,0,0,0,0,0,1,0,0,0
2018,"winter",12,0,0,0,0,0,0,4,0,0,0,0,0,1,0,2,0,5,2,0,0,0,0,0,0,95,0,0,0,0,0,0,0,0,0,0,0,5,0,0,0
2018,"winter",13,0,0,1,3,0,0,0,14,0,0,0,0,12,0,3,0,15,6,0,0,0,0,0,5,0,0,0,0,0,0,0,0,0,0,2,0,13,0,0,0
2018,"winter",14,0,0,0,3,0,0,1,0,0,0,0,0,0,0,1,0,0,0,0,0,0,0,0,7,1,0,0,0,0,0,0,0,0,0,0,0,0,0,0,0
2018,"winter",15,0,0,0,7,0,0,0,0,0,0,0,0,0,0,0,0,0,2,0,0,0,0,0,0,0,0,0,0,0,0,0,0,0,0,0,0,0,0,0,0
2018,"winter",16,0,0,0,16,0,0,2,1,0,0,0,0,0,0,0,0,47,64,0,1,0,0,0,5,12,0,0,0,0,1,0,0,0,0,0,0,47,0,0,0
2018,"winter",17,0,0,0,4,0,0,11,1,0,0,0,0,8,0,0,0,3,1,0,0,0,0,0,0,12,0,0,0,0,0,0,0,0,0,0,0,0,0,0,0
2018,"winter",18,0,0,0,4,0,0,1,0,0,0,0,0,1,0,4,0,7,1,0,0,0,0,0,28,67,0,0,0,0,0,0,0,0,0,0,0,99,0,0,0
2018,"winter",19,0,0,0,1,0,0,1,0,0,0,0,0,0,0,0,0,0,41,0,0,0,0,0,0,30,0,0,0,0,0,0,0,0,0,0,0,60,0,0,0
2018,"winter",20,2,0,0,7,0,0,5,0,0,0,0,0,1,0,2,0,8,22,0,0,0,0,0,18,8,0,0,0,0,0,0,0,0,0,0,0,14,0,0,0
2018,"winter",21,0,0,0,11,0,0,4,0,0,0,0,0,0,0,1,0,15,32,1,8,0,0,4,15,84,0,0,0,0,0,0,0,0,2,0,0,14,0,0,0
2018,"winter",22,0,0,1,10,0,0,1,0,0,0,0,0,2,0,8,0,40,72,0,15,0,0,0,61,2,1,0,0,0,0,0,0,0,8,5,0,39,11,0,0
2018,"winter",23,0,0,0,25,0,0,2,0,0,0,0,1,0,0,3,0,0,99,0,1,0,0,0,0,97,0,0,0,0,0,0,1,0,0,0,0,123,0,0,2
2018,"winter",24,0,0,0,10,0,0,3,0,0,0,0,0,10,0,0,0,3,12,0,0,0,0,0,0,39,1,0,0,0,1,0,0,0,0,2,0,12,0,0,0
